,Location_id,Sensor_id,Area,City,Sensor_name,Latitude,Longitude
0,13,13866,Delhi Technological University,Delhi,NO₂ mass,28.744,77.12
1,13,24,Delhi Technological University,Delhi,O₃ mass,28.744,77.12
2,13,13864,Delhi Technological University,Delhi,PM2.5,28.744,77.12
3,17,36,R K Puram,Delhi,NO₂ mass,28.563262,77.186937
4,17,394,R K Puram,Delhi,O₃ mass,28.563262,77.186937
5,17,12234785,R K Puram,Delhi,O₃ mass,28.563262,77.186937
6,17,399,R K Puram,Delhi,PM10,28.563262,77.186937
7,17,12234786,R K Puram,Delhi,PM10,28.563262,77.186937
8,17,12234787,R K Puram,Delhi,PM2.5,28.563262,77.186937
9,17,35,R K Puram,Delhi,PM2.5,28.563262,77.186937
10,17,393,R K Puram,Delhi,SO₂ mass,28.563262,77.186937
11,50,400,Punjabi Bagh,Delhi,NO₂ mass,28.674045,77.131023
12,50,71,Punjabi Bagh,Delhi,O₃ mass,28.674045,77.131023
13,50,12234794,Punjabi Bagh,Delhi,O₃ mass,28.674045,77.131023
14,50,395,Punjabi Bagh,Delhi,PM10,28.674045,77.131023
15,50,12234795,Punjabi Bagh,Delhi,PM10,28.674045,77.131023
16,50,12234796,Punjabi Bagh,Delhi,PM2.5,28.674045,77.131023
17,50,396,Punjabi Bagh,Delhi,PM2.5,28.674045,77.131023
18,50,397,Punjabi Bagh,Delhi,SO₂ mass,28.674045,77.131023
19,103,13863,Income Tax Office,Delhi,NO₂ mass,28.623499999999996,77.2494
20,103,168,Income Tax Office,Delhi,O₃ mass,28.623499999999996,77.2494
21,103,13862,Income Tax Office,Delhi,PM10,28.623499999999996,77.2494
22,103,13861,Income Tax Office,Delhi,PM2.5,28.623499999999996,77.2494
23,235,382,Anand Vihar,New Delhi,NO₂ mass,28.646835,77.316032
24,235,380,Anand Vihar,New Delhi,O₃ mass,28.646835,77.316032
25,235,12235608,Anand Vihar,New Delhi,O₃ mass,28.646835,77.316032
26,235,12235609,Anand Vihar,New Delhi,PM10,28.646835,77.316032
27,235,381,Anand Vihar,New Delhi,PM10,28.646835,77.316032
28,235,384,Anand Vihar,New Delhi,PM2.5,28.646835,77.316032
29,235,12235610,Anand Vihar,New Delhi,PM2.5,28.646835,77.316032
30,235,383,Anand Vihar,New Delhi,SO₂ mass,28.646835,77.316032
31,236,389,Mandir Marg,Delhi,NO₂ mass,28.6341,77.2005
32,236,390,Mandir Marg,Delhi,O₃ mass,28.6341,77.2005
33,236,391,Mandir Marg,Delhi,PM10,28.6341,77.2005
34,236,388,Mandir Marg,Delhi,PM2.5,28.6341,77.2005
35,236,387,Mandir Marg,Delhi,SO₂ mass,28.6341,77.2005
36,412,1518,Peenya,Bengaluru,NO₂ mass,13.0339,77.51321111
37,412,13852,Peenya,Bengaluru,PM2.5,13.0339,77.51321111
38,412,13853,Peenya,Bengaluru,SO₂ mass,13.0339,77.51321111
39,431,747,IHBAS,Delhi,NO₂ mass,28.6821,77.305
40,431,13868,IHBAS,Delhi,PM2.5,28.6821,77.305
41,431,13867,IHBAS,Delhi,SO₂ mass,28.6821,77.305
42,594,1427,BTM Layout,Bengaluru,NO₂ mass,12.912811110000002,77.60921944
43,594,4886,BTM Layout,Bengaluru,O₃ mass,12.912811110000002,77.60921944
44,594,13836,BTM Layout,Bengaluru,PM2.5,12.912811110000002,77.60921944
45,594,13837,BTM Layout,Bengaluru,SO₂ mass,12.912811110000002,77.60921944
46,716,5505,Rabindra Bharati University,Kolkata,NO₂ mass,22.627875,88.3804
47,716,5502,Rabindra Bharati University,Kolkata,O₃ mass,22.627875,88.3804
48,716,5503,Rabindra Bharati University,Kolkata,PM10,22.627875,88.3804
49,716,1242,Rabindra Bharati University,Kolkata,PM2.5,22.627875,88.3804
50,716,1241,Rabindra Bharati University,Kolkata,SO₂ mass,22.627875,88.3804
51,2460,4724,US Diplomatic Post: Kolkata,Kolkata,PM2.5,22.547142,88.351048
52,2461,4725,US Diplomatic Post: Chennai,Chennai,PM2.5,13.052371,80.251932
53,2503,4852,Shadipur,Delhi,NO₂ mass,28.651699999999998,77.1581
54,2503,4853,Shadipur,Delhi,O₃ mass,28.651699999999998,77.1581
55,2503,13860,Shadipur,Delhi,PM2.5,28.651699999999998,77.1581
56,2503,13859,Shadipur,Delhi,SO₂ mass,28.651699999999998,77.1581
57,2586,5340,Manali,Chennai,NO₂ mass,13.164544,80.26285
58,2586,12235651,Manali,Chennai,O₃ mass,13.164544,80.26285
59,2586,1305375,Manali,Chennai,O₃ mass,13.164544,80.26285
60,2586,1305374,Manali,Chennai,PM10,13.164544,80.26285
61,2586,12235652,Manali,Chennai,PM10,13.164544,80.26285
62,2586,12235653,Manali,Chennai,PM2.5,13.164544,80.26285
63,2586,14319,Manali,Chennai,PM2.5,13.164544,80.26285
64,2586,14311,Manali,Chennai,SO₂ mass,13.164544,80.26285
65,2592,5380,BWSSB Kadabesanahalli,Bengaluru,NO₂ mass,12.93890556,77.69727222
66,2592,5375,BWSSB Kadabesanahalli,Bengaluru,O₃ mass,12.93890556,77.69727222
67,2592,13898,BWSSB Kadabesanahalli,Bengaluru,PM2.5,12.93890556,77.69727222
68,2592,13888,BWSSB Kadabesanahalli,Bengaluru,SO₂ mass,12.93890556,77.69727222
69,2597,5398,US Diplomatic Post: New Delhi,New Delhi,PM2.5,28.598096,77.189066
70,2598,5408,Navi Mumbai Municipal Corporation Airoli,Mumbai,PM10,19.1494,72.9986
71,2598,5404,Navi Mumbai Municipal Corporation Airoli,Mumbai,PM2.5,19.1494,72.9986
72,2598,13523,Navi Mumbai Municipal Corporation Airoli,Mumbai,SO₂ mass,19.1494,72.9986
73,5404,14084,Pusa,Delhi,NO₂ mass,28.639645,77.146263
74,5404,12234700,Pusa,Delhi,O₃ mass,28.639645,77.146263
75,5404,12234701,Pusa,Delhi,PM10,28.639645,77.146263
76,5404,14085,Pusa,Delhi,PM10,28.639645,77.146263
77,5404,14087,Pusa,Delhi,PM2.5,28.639645,77.146263
78,5404,12234702,Pusa,Delhi,PM2.5,28.639645,77.146263
79,5509,14523,Anand Vihar,Delhi,NO₂ mass,28.647622000000002,77.315809
80,5509,14524,Anand Vihar,Delhi,O₃ mass,28.647622000000002,77.315809
81,5509,14522,Anand Vihar,Delhi,PM10,28.647622000000002,77.315809
82,5509,14521,Anand Vihar,Delhi,PM2.5,28.647622000000002,77.315809
83,5509,14520,Anand Vihar,Delhi,SO₂ mass,28.647622000000002,77.315809
84,5540,14613,Punjabi Bagh,Delhi,NO₂ mass,28.6670856,77.1301247
85,5540,14614,Punjabi Bagh,Delhi,O₃ mass,28.6670856,77.1301247
86,5540,14612,Punjabi Bagh,Delhi,PM10,28.6670856,77.1301247
87,5540,14617,Punjabi Bagh,Delhi,PM2.5,28.6670856,77.1301247
88,5540,14615,Punjabi Bagh,Delhi,SO₂ mass,28.6670856,77.1301247
89,5541,14936,Burari Crossing,New Delhi,NO₂ mass,28.7256504,77.2011573
90,5541,12234682,Burari Crossing,New Delhi,O₃ mass,28.7256504,77.2011573
91,5541,14931,Burari Crossing,New Delhi,O₃ mass,28.7256504,77.2011573
92,5541,14620,Burari Crossing,New Delhi,PM10,28.7256504,77.2011573
93,5541,12234683,Burari Crossing,New Delhi,PM10,28.7256504,77.2011573
94,5541,12234684,Burari Crossing,New Delhi,PM2.5,28.7256504,77.2011573
95,5541,14912,Burari Crossing,New Delhi,PM2.5,28.7256504,77.2011573
96,5547,14636,BWSSB Kadabesanahalli,Bengaluru,NO₂ mass,12.9352049,77.6814488
97,5547,14640,BWSSB Kadabesanahalli,Bengaluru,O₃ mass,12.9352049,77.6814488
98,5547,1303004,BWSSB Kadabesanahalli,Bengaluru,PM10,12.9352049,77.6814488
99,5547,14641,BWSSB Kadabesanahalli,Bengaluru,PM2.5,12.9352049,77.6814488
100,5547,14634,BWSSB Kadabesanahalli,Bengaluru,SO₂ mass,12.9352049,77.6814488
101,5548,14639,BTM Layout,Bengaluru,NO₂ mass,12.9135218,77.5950804
102,5548,12235359,BTM Layout,Bengaluru,O₃ mass,12.9135218,77.5950804
103,5548,14658,BTM Layout,Bengaluru,O₃ mass,12.9135218,77.5950804
104,5548,1305377,BTM Layout,Bengaluru,PM10,12.9135218,77.5950804
105,5548,12235360,BTM Layout,Bengaluru,PM10,12.9135218,77.5950804
106,5548,14635,BTM Layout,Bengaluru,PM2.5,12.9135218,77.5950804
107,5548,12235361,BTM Layout,Bengaluru,PM2.5,12.9135218,77.5950804
108,5548,14642,BTM Layout,Bengaluru,SO₂ mass,12.9135218,77.5950804
109,5558,14681,Alandur Bus Depot,Chennai,NO₂ mass,12.909916100000002,80.1076538
110,5558,14689,Alandur Bus Depot,Chennai,O₃ mass,12.909916100000002,80.1076538
111,5558,1305373,Alandur Bus Depot,Chennai,PM10,12.909916100000002,80.1076538
112,5558,14680,Alandur Bus Depot,Chennai,PM2.5,12.909916100000002,80.1076538
113,5558,14682,Alandur Bus Depot,Chennai,SO₂ mass,12.909916100000002,80.1076538
114,5570,15019,Aya Nagar,New Delhi,NO₂ mass,28.474261,77.131606
115,5570,15021,Aya Nagar,New Delhi,O₃ mass,28.474261,77.131606
116,5570,12234706,Aya Nagar,New Delhi,O₃ mass,28.474261,77.131606
117,5570,15027,Aya Nagar,New Delhi,PM10,28.474261,77.131606
118,5570,12234707,Aya Nagar,New Delhi,PM10,28.474261,77.131606
119,5570,12234708,Aya Nagar,New Delhi,PM2.5,28.474261,77.131606
120,5570,14717,Aya Nagar,New Delhi,PM2.5,28.474261,77.131606
121,5574,14773,City Railway Station,Bengaluru,NO₂ mass,12.9756843,77.5660749
122,5574,14775,City Railway Station,Bengaluru,PM10,12.9756843,77.5660749
123,5574,12235377,City Railway Station,Bengaluru,PM10,12.9756843,77.5660749
124,5574,14732,City Railway Station,Bengaluru,SO₂ mass,12.9756843,77.5660749
125,5581,14800,Pusa,New Delhi,NO₂ mass,28.610304,77.0996943
126,5581,14752,Pusa,New Delhi,O₃ mass,28.610304,77.0996943
127,5581,14851,Pusa,New Delhi,PM10,28.610304,77.0996943
128,5581,14853,Pusa,New Delhi,PM2.5,28.610304,77.0996943
129,5586,12234767,Sirifort,Delhi,O₃ mass,28.5504249,77.2159377
130,5586,12234768,Sirifort,Delhi,PM10,28.5504249,77.2159377
131,5586,12234769,Sirifort,Delhi,PM2.5,28.5504249,77.2159377
132,5607,14850,Peenya,Bengaluru,NO₂ mass,13.0270199,77.494094
133,5607,40537,Peenya,Bengaluru,O₃ mass,13.0270199,77.494094
134,5607,12235368,Peenya,Bengaluru,O₃ mass,13.0270199,77.494094
135,5607,12235369,Peenya,Bengaluru,PM10,13.0270199,77.494094
136,5607,1303005,Peenya,Bengaluru,PM10,13.0270199,77.494094
137,5607,12235370,Peenya,Bengaluru,PM2.5,13.0270199,77.494094
138,5607,14859,Peenya,Bengaluru,PM2.5,13.0270199,77.494094
139,5607,14862,Peenya,Bengaluru,SO₂ mass,13.0270199,77.494094
140,5610,14902,North Campus,DU,NO₂ mass,28.6573814,77.1585447
141,5610,12234688,North Campus,DU,O₃ mass,28.6573814,77.1585447
142,5610,14889,North Campus,DU,O₃ mass,28.6573814,77.1585447
143,5610,12234689,North Campus,DU,PM10,28.6573814,77.1585447
144,5610,14886,North Campus,DU,PM10,28.6573814,77.1585447
145,5610,12234690,North Campus,DU,PM2.5,28.6573814,77.1585447
146,5610,14860,North Campus,DU,PM2.5,28.6573814,77.1585447
147,5613,14866,ITO,New Delhi,NO₂ mass,28.628624,77.24106
148,5613,12234751,ITO,New Delhi,O₃ mass,28.628624,77.24106
149,5613,17785,ITO,New Delhi,O₃ mass,28.628624,77.24106
150,5613,12234752,ITO,New Delhi,PM10,28.628624,77.24106
151,5613,14869,ITO,New Delhi,PM10,28.628624,77.24106
152,5613,12234753,ITO,New Delhi,PM2.5,28.628624,77.24106
153,5613,14878,ITO,New Delhi,PM2.5,28.628624,77.24106
154,5613,17781,ITO,New Delhi,SO₂ mass,28.628624,77.24106
155,5622,14919,NSIT Dwarka,Delhi,NO₂ mass,28.60909,77.0325413
156,5622,12234742,NSIT Dwarka,Delhi,O₃ mass,28.60909,77.0325413
157,5622,14920,NSIT Dwarka,Delhi,O₃ mass,28.60909,77.0325413
158,5622,12234743,NSIT Dwarka,Delhi,PM10,28.60909,77.0325413
159,5622,34957,NSIT Dwarka,Delhi,PM10,28.60909,77.0325413
160,5622,12234744,NSIT Dwarka,Delhi,PM2.5,28.60909,77.0325413
161,5622,14922,NSIT Dwarka,Delhi,PM2.5,28.60909,77.0325413
162,5622,14923,NSIT Dwarka,Delhi,SO₂ mass,28.60909,77.0325413
163,5626,14941,DTU,New Delhi,NO₂ mass,28.7500499,77.1112615
164,5626,12234758,DTU,New Delhi,O₃ mass,28.7500499,77.1112615
165,5626,14949,DTU,New Delhi,O₃ mass,28.7500499,77.1112615
166,5626,12234759,DTU,New Delhi,PM10,28.7500499,77.1112615
167,5626,14974,DTU,New Delhi,PM10,28.7500499,77.1112615
168,5626,12234760,DTU,New Delhi,PM2.5,28.7500499,77.1112615
169,5626,14985,DTU,New Delhi,PM2.5,28.7500499,77.1112615
170,5626,17766,DTU,New Delhi,SO₂ mass,28.7500499,77.1112615
171,5627,15082,CRRI Mathura Road,New Delhi,NO₂ mass,28.5512005,77.2735737
172,5627,15063,CRRI Mathura Road,New Delhi,O₃ mass,28.5512005,77.2735737
173,5627,12234676,CRRI Mathura Road,New Delhi,O₃ mass,28.5512005,77.2735737
174,5627,12234677,CRRI Mathura Road,New Delhi,PM10,28.5512005,77.2735737
175,5627,14946,CRRI Mathura Road,New Delhi,PM10,28.5512005,77.2735737
176,5627,14935,CRRI Mathura Road,New Delhi,PM2.5,28.5512005,77.2735737
177,5627,12234678,CRRI Mathura Road,New Delhi,PM2.5,28.5512005,77.2735737
178,5630,15053,Shadipur,Delhi,NO₂ mass,28.6514781,77.1473105
179,5630,12234724,Shadipur,Delhi,O₃ mass,28.6514781,77.1473105
180,5630,15011,Shadipur,Delhi,O₃ mass,28.6514781,77.1473105
181,5630,36210,Shadipur,Delhi,PM10,28.6514781,77.1473105
182,5630,12234725,Shadipur,Delhi,PM10,28.6514781,77.1473105
183,5630,12234726,Shadipur,Delhi,PM2.5,28.6514781,77.1473105
184,5630,14959,Shadipur,Delhi,PM2.5,28.6514781,77.1473105
185,5630,14952,Shadipur,Delhi,SO₂ mass,28.6514781,77.1473105
186,5634,14980,Lodhi Road,New Delhi,NO₂ mass,28.5918245,77.2273074
187,5634,12234712,Lodhi Road,New Delhi,O₃ mass,28.5918245,77.2273074
188,5634,14981,Lodhi Road,New Delhi,O₃ mass,28.5918245,77.2273074
189,5634,14983,Lodhi Road,New Delhi,PM10,28.5918245,77.2273074
190,5634,12234713,Lodhi Road,New Delhi,PM10,28.5918245,77.2273074
191,5634,12234714,Lodhi Road,New Delhi,PM2.5,28.5918245,77.2273074
192,5634,14984,Lodhi Road,New Delhi,PM2.5,28.5918245,77.2273074
193,5639,15030,R K Puram,New Delhi,NO₂ mass,28.5646102,77.1670103
194,5639,15042,R K Puram,New Delhi,O₃ mass,28.5646102,77.1670103
195,5639,15059,R K Puram,New Delhi,PM10,28.5646102,77.1670103
196,5639,15071,R K Puram,New Delhi,PM2.5,28.5646102,77.1670103
197,5639,15092,R K Puram,New Delhi,SO₂ mass,28.5646102,77.1670103
198,5641,15025,Mandir Marg,New Delhi,NO₂ mass,28.6372688,77.2005604
199,5641,15023,Mandir Marg,New Delhi,O₃ mass,28.6372688,77.2005604
200,5641,15022,Mandir Marg,New Delhi,PM10,28.6372688,77.2005604
201,5641,15014,Mandir Marg,New Delhi,PM2.5,28.6372688,77.2005604
202,5641,15013,Mandir Marg,New Delhi,SO₂ mass,28.6372688,77.2005604
203,5644,15035,Sanegurava Halli,Bengaluru,NO₂ mass,12.990328,77.5431385
204,5644,15033,Sanegurava Halli,Bengaluru,PM10,12.990328,77.5431385
205,5644,12235382,Sanegurava Halli,Bengaluru,PM10,12.990328,77.5431385
206,5644,15032,Sanegurava Halli,Bengaluru,SO₂ mass,12.990328,77.5431385
207,5650,12234694,IGI Airport (T3),Delhi,O₃ mass,28.5627763,77.1180053
208,5650,12234695,IGI Airport (T3),Delhi,PM10,28.5627763,77.1180053
209,5650,12234696,IGI Airport (T3),Delhi,PM2.5,28.5627763,77.1180053
210,5655,15117,Velachery Res. Area,Chennai,NO₂ mass,13.0052189,80.2398125
211,5655,12235529,Velachery Res. Area,Chennai,O₃ mass,13.0052189,80.2398125
212,5655,15132,Velachery Res. Area,Chennai,O₃ mass,13.0052189,80.2398125
213,5655,12235530,Velachery Res. Area,Chennai,PM10,13.0052189,80.2398125
214,5655,1305376,Velachery Res. Area,Chennai,PM10,13.0052189,80.2398125
215,5655,15136,Velachery Res. Area,Chennai,PM2.5,13.0052189,80.2398125
216,5655,12235531,Velachery Res. Area,Chennai,PM2.5,13.0052189,80.2398125
217,5655,15138,Velachery Res. Area,Chennai,SO₂ mass,13.0052189,80.2398125
218,5742,15498,Patparganj,Delhi,NO₂ mass,28.6310495,77.2846218
219,5742,15500,Patparganj,Delhi,O₃ mass,28.6310495,77.2846218
220,5742,15628,Patparganj,Delhi,PM10,28.6310495,77.2846218
221,5742,15629,Patparganj,Delhi,PM2.5,28.6310495,77.2846218
222,5742,15499,Patparganj,Delhi,SO₂ mass,28.6310495,77.2846218
223,5743,15508,Rohini,Delhi,NO₂ mass,28.7407056,77.0577492
224,5743,15506,Rohini,Delhi,O₃ mass,28.7407056,77.0577492
225,5743,15622,Rohini,Delhi,PM10,28.7407056,77.0577492
226,5743,15618,Rohini,Delhi,PM2.5,28.7407056,77.0577492
227,5743,15504,Rohini,Delhi,SO₂ mass,28.7407056,77.0577492
228,5744,15505,Dr. Karni Singh Shooting Range,Delhi,NO₂ mass,28.4997315,77.2649067
229,5744,15507,Dr. Karni Singh Shooting Range,Delhi,O₃ mass,28.4997315,77.2649067
230,5744,15588,Dr. Karni Singh Shooting Range,Delhi,PM10,28.4997315,77.2649067
231,5744,15589,Dr. Karni Singh Shooting Range,Delhi,PM2.5,28.4997315,77.2649067
232,5744,15509,Dr. Karni Singh Shooting Range,Delhi,SO₂ mass,28.4997315,77.2649067
233,5753,15544,Vivek Vihar,Delhi,NO₂ mass,28.6687803,77.3130982
234,5753,15543,Vivek Vihar,Delhi,O₃ mass,28.6687803,77.3130982
235,5753,15615,Vivek Vihar,Delhi,PM10,28.6687803,77.3130982
236,5753,15604,Vivek Vihar,Delhi,PM2.5,28.6687803,77.3130982
237,5753,15546,Vivek Vihar,Delhi,SO₂ mass,28.6687803,77.3130982
238,5754,15547,Jawaharlal Nehru Stadium,Delhi,NO₂ mass,28.5828503,77.2321778
239,5754,15550,Jawaharlal Nehru Stadium,Delhi,O₃ mass,28.5828503,77.2321778
240,5754,15619,Jawaharlal Nehru Stadium,Delhi,PM10,28.5828503,77.2321778
241,5754,15620,Jawaharlal Nehru Stadium,Delhi,PM2.5,28.5828503,77.2321778
242,5754,15552,Jawaharlal Nehru Stadium,Delhi,SO₂ mass,28.5828503,77.2321778
243,5755,15574,Major Dhyan Chand National Stadium,Delhi,NO₂ mass,28.6125027,77.2351994
244,5755,15586,Major Dhyan Chand National Stadium,Delhi,O₃ mass,28.6125027,77.2351994
245,5755,15549,Major Dhyan Chand National Stadium,Delhi,PM10,28.6125027,77.2351994
246,5755,15551,Major Dhyan Chand National Stadium,Delhi,PM2.5,28.6125027,77.2351994
247,5755,15587,Major Dhyan Chand National Stadium,Delhi,SO₂ mass,28.6125027,77.2351994
248,5759,15567,Sonia Vihar,Delhi,NO₂ mass,28.67795,77.29868
249,5759,15566,Sonia Vihar,Delhi,O₃ mass,28.67795,77.29868
250,5759,15591,Sonia Vihar,Delhi,PM10,28.67795,77.29868
251,5759,15595,Sonia Vihar,Delhi,PM2.5,28.67795,77.29868
252,5759,15565,Sonia Vihar,Delhi,SO₂ mass,28.67795,77.29868
253,5760,15593,Dwarka-Sector 8,Delhi,NO₂ mass,28.5206826,76.8023871
254,5760,15592,Dwarka-Sector 8,Delhi,O₃ mass,28.5206826,76.8023871
255,5760,15569,Dwarka-Sector 8,Delhi,PM10,28.5206826,76.8023871
256,5760,15570,Dwarka-Sector 8,Delhi,PM2.5,28.5206826,76.8023871
257,5760,15590,Dwarka-Sector 8,Delhi,SO₂ mass,28.5206826,76.8023871
258,5761,15572,Jahangirpuri,Delhi,NO₂ mass,28.7258373,77.1605631
259,5761,15577,Jahangirpuri,Delhi,O₃ mass,28.7258373,77.1605631
260,5761,15623,Jahangirpuri,Delhi,PM10,28.7258373,77.1605631
261,5761,15621,Jahangirpuri,Delhi,PM2.5,28.7258373,77.1605631
262,5761,15585,Jahangirpuri,Delhi,SO₂ mass,28.7258373,77.1605631
263,5762,15584,Ashok Vihar,Delhi,NO₂ mass,28.6957202,77.1812947
264,5762,15573,Ashok Vihar,Delhi,O₃ mass,28.6957202,77.1812947
265,5762,15605,Ashok Vihar,Delhi,PM10,28.6957202,77.1812947
266,5762,15602,Ashok Vihar,Delhi,PM2.5,28.6957202,77.1812947
267,5762,15579,Ashok Vihar,Delhi,SO₂ mass,28.6957202,77.1812947
268,5763,15581,Narela,Delhi,NO₂ mass,28.8446874,77.0332666
269,5763,15580,Narela,Delhi,O₃ mass,28.8446874,77.0332666
270,5763,15609,Narela,Delhi,PM10,28.8446874,77.0332666
271,5763,15606,Narela,Delhi,PM2.5,28.8446874,77.0332666
272,5763,15575,Narela,Delhi,SO₂ mass,28.8446874,77.0332666
273,5765,15600,Okhla Phase-2,Delhi,NO₂ mass,28.5366411,77.2664587
274,5765,15598,Okhla Phase-2,Delhi,O₃ mass,28.5366411,77.2664587
275,5765,15624,Okhla Phase-2,Delhi,PM10,28.5366411,77.2664587
276,5765,15627,Okhla Phase-2,Delhi,PM2.5,28.5366411,77.2664587
277,5765,15599,Okhla Phase-2,Delhi,SO₂ mass,28.5366411,77.2664587
278,5766,15612,Nehru Nagar,Delhi,NO₂ mass,28.5639543,77.2587868
279,5766,15616,Nehru Nagar,Delhi,O₃ mass,28.5639543,77.2587868
280,5766,15625,Nehru Nagar,Delhi,PM10,28.5639543,77.2587868
281,5766,15626,Nehru Nagar,Delhi,PM2.5,28.5639543,77.2587868
282,5766,15608,Nehru Nagar,Delhi,SO₂ mass,28.5639543,77.2587868
283,6310,17543,Rabindra Bharati University,Kolkata,NO₂ mass,22.5824635,88.35724470000001
284,6310,17544,Rabindra Bharati University,Kolkata,O₃ mass,22.5824635,88.35724470000001
285,6310,17540,Rabindra Bharati University,Kolkata,PM10,22.5824635,88.35724470000001
286,6310,1715600,Rabindra Bharati University,Kolkata,PM2.5,22.5824635,88.35724470000001
287,6310,17542,Rabindra Bharati University,Kolkata,SO₂ mass,22.5824635,88.35724470000001
288,6356,12235319,Pusa,Delhi,O₃ mass,28.639645,77.146262
289,6356,12235320,Pusa,Delhi,PM10,28.639645,77.146262
290,6356,12235321,Pusa,Delhi,PM2.5,28.639645,77.146262
291,6357,17771,Punjabi Bagh,Delhi,NO₂ mass,28.674045000000003,77.13102300000001
292,6357,17774,Punjabi Bagh,Delhi,O₃ mass,28.674045000000003,77.13102300000001
293,6357,17768,Punjabi Bagh,Delhi,PM10,28.674045000000003,77.13102300000001
294,6357,17776,Punjabi Bagh,Delhi,PM2.5,28.674045000000003,77.13102300000001
295,6357,17778,Punjabi Bagh,Delhi,SO₂ mass,28.674045000000003,77.13102300000001
296,6358,17773,Mandir Marg,New Delhi,NO₂ mass,28.636429,77.201067
297,6358,17777,Mandir Marg,New Delhi,O₃ mass,28.636429,77.201067
298,6358,12234776,Mandir Marg,New Delhi,O₃ mass,28.636429,77.201067
299,6358,12234777,Mandir Marg,New Delhi,PM10,28.636429,77.201067
300,6358,17775,Mandir Marg,New Delhi,PM10,28.636429,77.201067
301,6358,17770,Mandir Marg,New Delhi,PM2.5,28.636429,77.201067
302,6358,12234778,Mandir Marg,New Delhi,PM2.5,28.636429,77.201067
303,6358,17779,Mandir Marg,New Delhi,SO₂ mass,28.636429,77.201067
304,6359,17791,IHBAS,"Dilshad Garden,New Delhi",NO₂ mass,28.6811736,77.3025234
305,6359,12234733,IHBAS,"Dilshad Garden,New Delhi",O₃ mass,28.6811736,77.3025234
306,6359,36058,IHBAS,"Dilshad Garden,New Delhi",O₃ mass,28.6811736,77.3025234
307,6359,12234734,IHBAS,"Dilshad Garden,New Delhi",PM10,28.6811736,77.3025234
308,6359,36050,IHBAS,"Dilshad Garden,New Delhi",PM10,28.6811736,77.3025234
309,6359,12234735,IHBAS,"Dilshad Garden,New Delhi",PM2.5,28.6811736,77.3025234
310,6359,17790,IHBAS,"Dilshad Garden,New Delhi",PM2.5,28.6811736,77.3025234
311,6359,17780,IHBAS,"Dilshad Garden,New Delhi",SO₂ mass,28.6811736,77.3025234
312,6920,19868,Manali Village,Chennai,NO₂ mass,11.258244,77.552429
313,6920,19867,Manali Village,Chennai,O₃ mass,11.258244,77.552429
314,6920,19871,Manali Village,Chennai,PM10,11.258244,77.552429
315,6920,19870,Manali Village,Chennai,PM2.5,11.258244,77.552429
316,6920,19872,Manali Village,Chennai,SO₂ mass,11.258244,77.552429
317,6927,19892,Colaba,Mumbai,NO₂ mass,18.91,72.82
318,6927,20139,Colaba,Mumbai,O₃ mass,18.91,72.82
319,6927,12235924,Colaba,Mumbai,O₃ mass,18.91,72.82
320,6927,12235925,Colaba,Mumbai,PM10,18.91,72.82
321,6927,20142,Colaba,Mumbai,PM10,18.91,72.82
322,6927,20143,Colaba,Mumbai,PM2.5,18.91,72.82
323,6927,12235926,Colaba,Mumbai,PM2.5,18.91,72.82
324,6927,20144,Colaba,Mumbai,SO₂ mass,18.91,72.82
325,6928,19893,Vasai West,Mumbai,NO₂ mass,19.3832,72.8204
326,6928,19895,Vasai West,Mumbai,O₃ mass,19.3832,72.8204
327,6928,12235821,Vasai West,Mumbai,O₃ mass,19.3832,72.8204
328,6928,12235822,Vasai West,Mumbai,PM10,19.3832,72.8204
329,6928,19898,Vasai West,Mumbai,PM10,19.3832,72.8204
330,6928,19894,Vasai West,Mumbai,PM2.5,19.3832,72.8204
331,6928,12235823,Vasai West,Mumbai,PM2.5,19.3832,72.8204
332,6928,19897,Vasai West,Mumbai,SO₂ mass,19.3832,72.8204
333,6929,19902,Major Dhyan Chand National Stadium,Delhi,NO₂ mass,28.611281,77.237738
334,6929,19903,Major Dhyan Chand National Stadium,Delhi,O₃ mass,28.611281,77.237738
335,6929,12235045,Major Dhyan Chand National Stadium,Delhi,O₃ mass,28.611281,77.237738
336,6929,12235046,Major Dhyan Chand National Stadium,Delhi,PM10,28.611281,77.237738
337,6929,19904,Major Dhyan Chand National Stadium,Delhi,PM10,28.611281,77.237738
338,6929,19900,Major Dhyan Chand National Stadium,Delhi,PM2.5,28.611281,77.237738
339,6929,12235047,Major Dhyan Chand National Stadium,Delhi,PM2.5,28.611281,77.237738
340,6929,19899,Major Dhyan Chand National Stadium,Delhi,SO₂ mass,28.611281,77.237738
341,6931,19956,Dwarka-Sector 8,Delhi,NO₂ mass,28.5710274,77.0719006
342,6931,19954,Dwarka-Sector 8,Delhi,O₃ mass,28.5710274,77.0719006
343,6931,12235018,Dwarka-Sector 8,Delhi,O₃ mass,28.5710274,77.0719006
344,6931,12235019,Dwarka-Sector 8,Delhi,PM10,28.5710274,77.0719006
345,6931,19906,Dwarka-Sector 8,Delhi,PM10,28.5710274,77.0719006
346,6931,20150,Dwarka-Sector 8,Delhi,PM2.5,28.5710274,77.0719006
347,6931,12235020,Dwarka-Sector 8,Delhi,PM2.5,28.5710274,77.0719006
348,6931,20147,Dwarka-Sector 8,Delhi,SO₂ mass,28.5710274,77.0719006
349,6932,19948,Alipur,Delhi,NO₂ mass,28.815329,77.15301
350,6932,12235696,Alipur,Delhi,O₃ mass,28.815329,77.15301
351,6932,19950,Alipur,Delhi,O₃ mass,28.815329,77.15301
352,6932,19936,Alipur,Delhi,PM10,28.815329,77.15301
353,6932,12235697,Alipur,Delhi,PM10,28.815329,77.15301
354,6932,12235698,Alipur,Delhi,PM2.5,28.815329,77.15301
355,6932,19935,Alipur,Delhi,PM2.5,28.815329,77.15301
356,6932,19912,Alipur,Delhi,SO₂ mass,28.815329,77.15301
357,6934,19930,Dr. Karni Singh Shooting Range,Delhi,NO₂ mass,28.498571,77.26484
358,6934,19917,Dr. Karni Singh Shooting Range,Delhi,O₃ mass,28.498571,77.26484
359,6934,12235009,Dr. Karni Singh Shooting Range,Delhi,O₃ mass,28.498571,77.26484
360,6934,12235010,Dr. Karni Singh Shooting Range,Delhi,PM10,28.498571,77.26484
361,6934,19941,Dr. Karni Singh Shooting Range,Delhi,PM10,28.498571,77.26484
362,6934,19919,Dr. Karni Singh Shooting Range,Delhi,PM2.5,28.498571,77.26484
363,6934,12235011,Dr. Karni Singh Shooting Range,Delhi,PM2.5,28.498571,77.26484
364,6934,19943,Dr. Karni Singh Shooting Range,Delhi,SO₂ mass,28.498571,77.26484
365,6938,19929,Vivek Vihar,Delhi,NO₂ mass,28.672342,77.31526
366,6938,19932,Vivek Vihar,Delhi,O₃ mass,28.672342,77.31526
367,6938,12235131,Vivek Vihar,Delhi,O₃ mass,28.672342,77.31526
368,6938,12235132,Vivek Vihar,Delhi,PM10,28.672342,77.31526
369,6938,19933,Vivek Vihar,Delhi,PM10,28.672342,77.31526
370,6938,12235133,Vivek Vihar,Delhi,PM2.5,28.672342,77.31526
371,6938,19934,Vivek Vihar,Delhi,PM2.5,28.672342,77.31526
372,6938,19938,Vivek Vihar,Delhi,SO₂ mass,28.672342,77.31526
373,6943,20069,Mahape,Navi Mumbai,NO₂ mass,19.1135051,73.008978
374,6943,19961,Mahape,Navi Mumbai,O₃ mass,19.1135051,73.008978
375,6943,12235903,Mahape,Navi Mumbai,O₃ mass,19.1135051,73.008978
376,6943,12235904,Mahape,Navi Mumbai,PM10,19.1135051,73.008978
377,6943,20068,Mahape,Navi Mumbai,PM10,19.1135051,73.008978
378,6943,20046,Mahape,Navi Mumbai,PM2.5,19.1135051,73.008978
379,6943,12235905,Mahape,Navi Mumbai,PM2.5,19.1135051,73.008978
380,6943,20023,Mahape,Navi Mumbai,SO₂ mass,19.1135051,73.008978
381,6945,20076,Kurla,Mumbai,NO₂ mass,19.0863,72.8888
382,6945,19968,Kurla,Mumbai,O₃ mass,19.0863,72.8888
383,6945,12235832,Kurla,Mumbai,O₃ mass,19.0863,72.8888
384,6945,12235833,Kurla,Mumbai,PM10,19.0863,72.8888
385,6945,19975,Kurla,Mumbai,PM10,19.0863,72.8888
386,6945,19978,Kurla,Mumbai,PM2.5,19.0863,72.8888
387,6945,12235834,Kurla,Mumbai,PM2.5,19.0863,72.8888
388,6945,19987,Kurla,Mumbai,SO₂ mass,19.0863,72.8888
389,6948,19977,Chhatrapati Shivaji Intl. Airport (T2),Mumbai,NO₂ mass,19.10078,72.87462
390,6948,19979,Chhatrapati Shivaji Intl. Airport (T2),Mumbai,O₃ mass,19.10078,72.87462
391,6948,12235858,Chhatrapati Shivaji Intl. Airport (T2),Mumbai,O₃ mass,19.10078,72.87462
392,6948,12235859,Chhatrapati Shivaji Intl. Airport (T2),Mumbai,PM10,19.10078,72.87462
393,6948,19980,Chhatrapati Shivaji Intl. Airport (T2),Mumbai,PM10,19.10078,72.87462
394,6948,19981,Chhatrapati Shivaji Intl. Airport (T2),Mumbai,PM2.5,19.10078,72.87462
395,6948,12235860,Chhatrapati Shivaji Intl. Airport (T2),Mumbai,PM2.5,19.10078,72.87462
396,6948,19982,Chhatrapati Shivaji Intl. Airport (T2),Mumbai,SO₂ mass,19.10078,72.87462
397,6950,19988,Jadavpur,Kolkata,NO₂ mass,22.49929,88.36917
398,6950,19991,Jadavpur,Kolkata,O₃ mass,22.49929,88.36917
399,6950,12235885,Jadavpur,Kolkata,O₃ mass,22.49929,88.36917
400,6950,12235886,Jadavpur,Kolkata,PM10,22.49929,88.36917
401,6950,19994,Jadavpur,Kolkata,PM10,22.49929,88.36917
402,6950,12235887,Jadavpur,Kolkata,PM2.5,22.49929,88.36917
403,6950,19997,Jadavpur,Kolkata,PM2.5,22.49929,88.36917
404,6950,20002,Jadavpur,Kolkata,SO₂ mass,22.49929,88.36917
405,6956,20083,Powai,Mumbai,NO₂ mass,19.1375,72.915056
406,6956,12235894,Powai,Mumbai,O₃ mass,19.1375,72.915056
407,6956,20054,Powai,Mumbai,O₃ mass,19.1375,72.915056
408,6956,20010,Powai,Mumbai,PM10,19.1375,72.915056
409,6956,12235895,Powai,Mumbai,PM10,19.1375,72.915056
410,6956,12235896,Powai,Mumbai,PM2.5,19.1375,72.915056
411,6956,20079,Powai,Mumbai,PM2.5,19.1375,72.915056
412,6956,20101,Powai,Mumbai,SO₂ mass,19.1375,72.915056
413,6957,20017,Jawaharlal Nehru Stadium,Delhi,NO₂ mass,28.58028,77.233829
414,6957,12235036,Jawaharlal Nehru Stadium,Delhi,O₃ mass,28.58028,77.233829
415,6957,20018,Jawaharlal Nehru Stadium,Delhi,O₃ mass,28.58028,77.233829
416,6957,12235037,Jawaharlal Nehru Stadium,Delhi,PM10,28.58028,77.233829
417,6957,20019,Jawaharlal Nehru Stadium,Delhi,PM10,28.58028,77.233829
418,6957,20020,Jawaharlal Nehru Stadium,Delhi,PM2.5,28.58028,77.233829
419,6957,12235038,Jawaharlal Nehru Stadium,Delhi,PM2.5,28.58028,77.233829
420,6957,20021,Jawaharlal Nehru Stadium,Delhi,SO₂ mass,28.58028,77.233829
421,6959,20030,Siddharth Nagar-Worli,Mumbai,NO₂ mass,19.000083,72.813993
422,6959,20031,Siddharth Nagar-Worli,Mumbai,O₃ mass,19.000083,72.813993
423,6959,12236433,Siddharth Nagar-Worli,Mumbai,O₃ mass,19.000083,72.813993
424,6959,12236434,Siddharth Nagar-Worli,Mumbai,PM10,19.000083,72.813993
425,6959,20032,Siddharth Nagar-Worli,Mumbai,PM10,19.000083,72.813993
426,6959,20033,Siddharth Nagar-Worli,Mumbai,PM2.5,19.000083,72.813993
427,6959,12236435,Siddharth Nagar-Worli,Mumbai,PM2.5,19.000083,72.813993
428,6959,20034,Siddharth Nagar-Worli,Mumbai,SO₂ mass,19.000083,72.813993
429,6960,20037,Patparganj,Delhi,NO₂ mass,28.623748,77.287205
430,6960,20039,Patparganj,Delhi,O₃ mass,28.623748,77.287205
431,6960,12235099,Patparganj,Delhi,O₃ mass,28.623748,77.287205
432,6960,12235100,Patparganj,Delhi,PM10,28.623748,77.287205
433,6960,20040,Patparganj,Delhi,PM10,28.623748,77.287205
434,6960,12235101,Patparganj,Delhi,PM2.5,28.623748,77.287205
435,6960,20049,Patparganj,Delhi,PM2.5,28.623748,77.287205
436,6960,20055,Patparganj,Delhi,SO₂ mass,28.623748,77.287205
437,6965,20081,Borivali East,Mumbai,NO₂ mass,19.227474,72.864394
438,6965,20084,Borivali East,Mumbai,O₃ mass,19.227474,72.864394
439,6965,12252656,Borivali East,Mumbai,O₃ mass,19.227474,72.864394
440,6965,12252657,Borivali East,Mumbai,PM10,19.227474,72.864394
441,6965,20085,Borivali East,Mumbai,PM10,19.227474,72.864394
442,6965,20087,Borivali East,Mumbai,PM2.5,19.227474,72.864394
443,6965,12252658,Borivali East,Mumbai,PM2.5,19.227474,72.864394
444,6965,20090,Borivali East,Mumbai,SO₂ mass,19.227474,72.864394
445,6967,20107,Sion,Mumbai,NO₂ mass,19.047,72.8746
446,6967,12243928,Sion,Mumbai,O₃ mass,19.047,72.8746
447,6967,20098,Sion,Mumbai,O₃ mass,19.047,72.8746
448,6967,20097,Sion,Mumbai,PM10,19.047,72.8746
449,6967,12243929,Sion,Mumbai,PM10,19.047,72.8746
450,6967,20096,Sion,Mumbai,PM2.5,19.047,72.8746
451,6967,12243930,Sion,Mumbai,PM2.5,19.047,72.8746
452,6967,20095,Sion,Mumbai,SO₂ mass,19.047,72.8746
453,6973,20175,Jayanagar 5th Block,Bengaluru,NO₂ mass,12.920984,77.584908
454,6973,12235265,Jayanagar 5th Block,Bengaluru,O₃ mass,12.920984,77.584908
455,6973,20155,Jayanagar 5th Block,Bengaluru,O₃ mass,12.920984,77.584908
456,6973,12235266,Jayanagar 5th Block,Bengaluru,PM10,12.920984,77.584908
457,6973,20172,Jayanagar 5th Block,Bengaluru,PM10,12.920984,77.584908
458,6973,20162,Jayanagar 5th Block,Bengaluru,PM2.5,12.920984,77.584908
459,6973,12235267,Jayanagar 5th Block,Bengaluru,PM2.5,12.920984,77.584908
460,6973,20152,Jayanagar 5th Block,Bengaluru,SO₂ mass,12.920984,77.584908
461,6974,20169,Bapuji Nagar,Bengaluru,NO₂ mass,12.951913,77.539784
462,6974,20167,Bapuji Nagar,Bengaluru,O₃ mass,12.951913,77.539784
463,6974,12235238,Bapuji Nagar,Bengaluru,O₃ mass,12.951913,77.539784
464,6974,20166,Bapuji Nagar,Bengaluru,PM10,12.951913,77.539784
465,6974,12235239,Bapuji Nagar,Bengaluru,PM10,12.951913,77.539784
466,6974,12235240,Bapuji Nagar,Bengaluru,PM2.5,12.951913,77.539784
467,6974,20165,Bapuji Nagar,Bengaluru,PM2.5,12.951913,77.539784
468,6974,20164,Bapuji Nagar,Bengaluru,SO₂ mass,12.951913,77.539784
469,6975,20154,Silk Board,Bengaluru,NO₂ mass,12.917348,77.622813
470,6975,20168,Silk Board,Bengaluru,O₃ mass,12.917348,77.622813
471,6975,12235283,Silk Board,Bengaluru,O₃ mass,12.917348,77.622813
472,6975,20161,Silk Board,Bengaluru,PM10,12.917348,77.622813
473,6975,12235284,Silk Board,Bengaluru,PM10,12.917348,77.622813
474,6975,12235285,Silk Board,Bengaluru,PM2.5,12.917348,77.622813
475,6975,20156,Silk Board,Bengaluru,PM2.5,12.917348,77.622813
476,6975,20176,Silk Board,Bengaluru,SO₂ mass,12.917348,77.622813
477,6981,20226,Fort William,Kolkata,NO₂ mass,22.55664,88.342674
478,6981,12235876,Fort William,Kolkata,O₃ mass,22.55664,88.342674
479,6981,20214,Fort William,Kolkata,O₃ mass,22.55664,88.342674
480,6981,20211,Fort William,Kolkata,PM10,22.55664,88.342674
481,6981,12235877,Fort William,Kolkata,PM10,22.55664,88.342674
482,6981,20203,Fort William,Kolkata,PM2.5,22.55664,88.342674
483,6981,12235878,Fort William,Kolkata,PM2.5,22.55664,88.342674
484,6981,20190,Fort William,Kolkata,SO₂ mass,22.55664,88.342674
485,6983,20196,Hombegowda Nagar,Bengaluru,NO₂ mass,12.938539,77.5901
486,6983,12235256,Hombegowda Nagar,Bengaluru,O₃ mass,12.938539,77.5901
487,6983,20197,Hombegowda Nagar,Bengaluru,O₃ mass,12.938539,77.5901
488,6983,20198,Hombegowda Nagar,Bengaluru,PM10,12.938539,77.5901
489,6983,12235257,Hombegowda Nagar,Bengaluru,PM10,12.938539,77.5901
490,6983,20199,Hombegowda Nagar,Bengaluru,PM2.5,12.938539,77.5901
491,6983,12235258,Hombegowda Nagar,Bengaluru,PM2.5,12.938539,77.5901
492,6983,20200,Hombegowda Nagar,Bengaluru,SO₂ mass,12.938539,77.5901
493,6984,20222,Hebbal,Bengaluru,NO₂ mass,13.029152,77.585901
494,6984,20221,Hebbal,Bengaluru,O₃ mass,13.029152,77.585901
495,6984,12235247,Hebbal,Bengaluru,O₃ mass,13.029152,77.585901
496,6984,12235248,Hebbal,Bengaluru,PM10,13.029152,77.585901
497,6984,20213,Hebbal,Bengaluru,PM10,13.029152,77.585901
498,6984,20212,Hebbal,Bengaluru,PM2.5,13.029152,77.585901
499,6984,12235249,Hebbal,Bengaluru,PM2.5,13.029152,77.585901
500,6984,20210,Hebbal,Bengaluru,SO₂ mass,13.029152,77.585901
501,6987,20239,Vile Parle West,Mumbai,NO₂ mass,19.10861,72.83622
502,6987,12235849,Vile Parle West,Mumbai,O₃ mass,19.10861,72.83622
503,6987,20240,Vile Parle West,Mumbai,O₃ mass,19.10861,72.83622
504,6987,12235850,Vile Parle West,Mumbai,PM10,19.10861,72.83622
505,6987,20243,Vile Parle West,Mumbai,PM10,19.10861,72.83622
506,6987,12235851,Vile Parle West,Mumbai,PM2.5,19.10861,72.83622
507,6987,20251,Vile Parle West,Mumbai,PM2.5,19.10861,72.83622
508,6987,20254,Vile Parle West,Mumbai,SO₂ mass,19.10861,72.83622
509,7044,20409,R K Puram,Delhi,NO₂ mass,28.563262000000005,77.186937
510,7044,20406,R K Puram,Delhi,O₃ mass,28.563262000000005,77.186937
511,7044,20407,R K Puram,Delhi,PM10,28.563262000000005,77.186937
512,7044,20411,R K Puram,Delhi,PM2.5,28.563262000000005,77.186937
513,7044,20408,R K Puram,Delhi,SO₂ mass,28.563262000000005,77.186937
514,7292,21008,Chhoti Gwaltoli,Indore,NO₂ mass,22.431,75.5213
515,7292,12236028,Chhoti Gwaltoli,Indore,O₃ mass,22.431,75.5213
516,7292,21007,Chhoti Gwaltoli,Indore,O₃ mass,22.431,75.5213
517,7292,12236029,Chhoti Gwaltoli,Indore,PM10,22.431,75.5213
518,7292,21012,Chhoti Gwaltoli,Indore,PM10,22.431,75.5213
519,7292,12236030,Chhoti Gwaltoli,Indore,PM2.5,22.431,75.5213
520,7292,21010,Chhoti Gwaltoli,Indore,PM2.5,22.431,75.5213
521,7292,21011,Chhoti Gwaltoli,Indore,SO₂ mass,22.431,75.5213
522,7434,21624,East Arjun Nagar,Delhi,NO₂ mass,28.655601699999995,77.2859318
523,7434,21625,East Arjun Nagar,Delhi,O₃ mass,28.655601699999995,77.2859318
524,7434,21623,East Arjun Nagar,Delhi,SO₂ mass,28.655601699999995,77.2859318
525,7850,36453,Bandra,Mumbai,NO₂ mass,19.0627,72.84614
526,7850,36451,Bandra,Mumbai,O₃ mass,19.0627,72.84614
527,7850,22798,Bandra,Mumbai,PM10,19.0627,72.84614
528,7850,36447,Bandra,Mumbai,PM2.5,19.0627,72.84614
529,7850,36446,Bandra,Mumbai,SO₂ mass,19.0627,72.84614
530,8039,23320,Mumbai,Mumbai,PM2.5,19.07283,72.88261
531,8092,23669,East Arjun Nagar,Delhi,NO₂ mass,28.655935,77.294904
532,8092,23465,East Arjun Nagar,Delhi,O₃ mass,28.655935,77.294904
533,8092,34750,East Arjun Nagar,Delhi,SO₂ mass,28.655935,77.294904
534,8118,23534,New Delhi,Mumbai,PM2.5,28.63576,77.22445
535,8172,5077640,US Diplomatic Post: Kolkata,Kolkata,PM2.5,22.56263,88.36304
536,8235,23994,Jahangirpuri,Delhi,NO₂ mass,28.73282,77.170633
537,8235,23995,Jahangirpuri,Delhi,O₃ mass,28.73282,77.170633
538,8235,12235027,Jahangirpuri,Delhi,O₃ mass,28.73282,77.170633
539,8235,12235028,Jahangirpuri,Delhi,PM10,28.73282,77.170633
540,8235,23996,Jahangirpuri,Delhi,PM10,28.73282,77.170633
541,8235,23997,Jahangirpuri,Delhi,PM2.5,28.73282,77.170633
542,8235,12235029,Jahangirpuri,Delhi,PM2.5,28.73282,77.170633
543,8235,23998,Jahangirpuri,Delhi,SO₂ mass,28.73282,77.170633
544,8239,24008,Okhla Phase-2,Delhi,NO₂ mass,28.530785,77.271255
545,8239,12235072,Okhla Phase-2,Delhi,O₃ mass,28.530785,77.271255
546,8239,24012,Okhla Phase-2,Delhi,O₃ mass,28.530785,77.271255
547,8239,12235073,Okhla Phase-2,Delhi,PM10,28.530785,77.271255
548,8239,24011,Okhla Phase-2,Delhi,PM10,28.530785,77.271255
549,8239,24007,Okhla Phase-2,Delhi,PM2.5,28.530785,77.271255
550,8239,12235074,Okhla Phase-2,Delhi,PM2.5,28.530785,77.271255
551,8239,24009,Okhla Phase-2,Delhi,SO₂ mass,28.530785,77.271255
552,8365,24303,Nehru Nagar,Delhi,NO₂ mass,28.56789,77.250515
553,8365,35017,Nehru Nagar,Delhi,O₃ mass,28.56789,77.250515
554,8365,12235081,Nehru Nagar,Delhi,O₃ mass,28.56789,77.250515
555,8365,12235082,Nehru Nagar,Delhi,PM10,28.56789,77.250515
556,8365,35012,Nehru Nagar,Delhi,PM10,28.56789,77.250515
557,8365,35010,Nehru Nagar,Delhi,PM2.5,28.56789,77.250515
558,8365,12235083,Nehru Nagar,Delhi,PM2.5,28.56789,77.250515
559,8365,35009,Nehru Nagar,Delhi,SO₂ mass,28.56789,77.250515
560,8472,36394,Bawana,Delhi,NO₂ mass,28.7762,77.051074
561,8472,36393,Bawana,Delhi,O₃ mass,28.7762,77.051074
562,8472,12235292,Bawana,Delhi,O₃ mass,28.7762,77.051074
563,8472,12235293,Bawana,Delhi,PM10,28.7762,77.051074
564,8472,24602,Bawana,Delhi,PM10,28.7762,77.051074
565,8472,12235294,Bawana,Delhi,PM2.5,28.7762,77.051074
566,8472,36391,Bawana,Delhi,PM2.5,28.7762,77.051074
567,8475,35047,Sonia Vihar,Delhi,NO₂ mass,28.710508,77.249485
568,8475,35048,Sonia Vihar,Delhi,O₃ mass,28.710508,77.249485
569,8475,12235108,Sonia Vihar,Delhi,O₃ mass,28.710508,77.249485
570,8475,12235109,Sonia Vihar,Delhi,PM10,28.710508,77.249485
571,8475,35049,Sonia Vihar,Delhi,PM10,28.710508,77.249485
572,8475,12235110,Sonia Vihar,Delhi,PM2.5,28.710508,77.249485
573,8475,35050,Sonia Vihar,Delhi,PM2.5,28.710508,77.249485
574,8475,35051,Sonia Vihar,Delhi,SO₂ mass,28.710508,77.249485
575,8558,5077812,Chennai,Mumbai,PM2.5,13.08784,80.278475
576,8915,34732,Wazirpur,Delhi,NO₂ mass,28.699793,77.165453
577,8915,12235122,Wazirpur,Delhi,O₃ mass,28.699793,77.165453
578,8915,34730,Wazirpur,Delhi,O₃ mass,28.699793,77.165453
579,8915,26026,Wazirpur,Delhi,PM10,28.699793,77.165453
580,8915,12235123,Wazirpur,Delhi,PM10,28.699793,77.165453
581,8915,12235124,Wazirpur,Delhi,PM2.5,28.699793,77.165453
582,8915,34731,Wazirpur,Delhi,PM2.5,28.699793,77.165453
583,8915,34729,Wazirpur,Delhi,SO₂ mass,28.699793,77.165453
584,8917,34768,Ashok Vihar,Delhi,NO₂ mass,28.695381,77.181665
585,8917,34782,Ashok Vihar,Delhi,O₃ mass,28.695381,77.181665
586,8917,12235000,Ashok Vihar,Delhi,O₃ mass,28.695381,77.181665
587,8917,12235001,Ashok Vihar,Delhi,PM10,28.695381,77.181665
588,8917,34785,Ashok Vihar,Delhi,PM10,28.695381,77.181665
589,8917,12235002,Ashok Vihar,Delhi,PM2.5,28.695381,77.181665
590,8917,26032,Ashok Vihar,Delhi,PM2.5,28.695381,77.181665
591,8917,34786,Ashok Vihar,Delhi,SO₂ mass,28.695381,77.181665
592,10484,34758,Sri Aurobindo Marg,Delhi,NO₂ mass,28.531346,77.190156
593,10484,12235310,Sri Aurobindo Marg,Delhi,O₃ mass,28.531346,77.190156
594,10484,34757,Sri Aurobindo Marg,Delhi,O₃ mass,28.531346,77.190156
595,10484,12235311,Sri Aurobindo Marg,Delhi,PM10,28.531346,77.190156
596,10484,34781,Sri Aurobindo Marg,Delhi,PM10,28.531346,77.190156
597,10484,34772,Sri Aurobindo Marg,Delhi,PM2.5,28.531346,77.190156
598,10484,12235312,Sri Aurobindo Marg,Delhi,PM2.5,28.531346,77.190156
599,10484,34759,Sri Aurobindo Marg,Delhi,SO₂ mass,28.531346,77.190156
600,10485,34760,Narela,Delhi,NO₂ mass,28.822836,77.101981
601,10485,34792,Narela,Delhi,O₃ mass,28.822836,77.101981
602,10485,12235054,Narela,Delhi,O₃ mass,28.822836,77.101981
603,10485,12235055,Narela,Delhi,PM10,28.822836,77.101981
604,10485,34791,Narela,Delhi,PM10,28.822836,77.101981
605,10485,34790,Narela,Delhi,PM2.5,28.822836,77.101981
606,10485,12235056,Narela,Delhi,PM2.5,28.822836,77.101981
607,10485,34789,Narela,Delhi,SO₂ mass,28.822836,77.101981
608,10486,34764,Mundka,Delhi,NO₂ mass,28.684678,77.076574
609,10486,12235301,Mundka,Delhi,O₃ mass,28.684678,77.076574
610,10486,34765,Mundka,Delhi,O₃ mass,28.684678,77.076574
611,10486,12235302,Mundka,Delhi,PM10,28.684678,77.076574
612,10486,34766,Mundka,Delhi,PM10,28.684678,77.076574
613,10486,12235303,Mundka,Delhi,PM2.5,28.684678,77.076574
614,10486,34767,Mundka,Delhi,PM2.5,28.684678,77.076574
615,10486,34769,Mundka,Delhi,SO₂ mass,28.684678,77.076574
616,10487,34784,Anand Vihar,Delhi,NO₂ mass,28.646835,77.316032
617,10487,34783,Anand Vihar,Delhi,O₃ mass,28.646835,77.316032
618,10487,34780,Anand Vihar,Delhi,PM10,28.646835,77.316032
619,10487,34771,Anand Vihar,Delhi,PM2.5,28.646835,77.316032
620,10487,34770,Anand Vihar,Delhi,SO₂ mass,28.646835,77.316032
621,10488,34778,Najafgarh,Delhi,NO₂ mass,28.570173,76.933762
622,10488,34777,Najafgarh,Delhi,O₃ mass,28.570173,76.933762
623,10488,12235063,Najafgarh,Delhi,O₃ mass,28.570173,76.933762
624,10488,12235064,Najafgarh,Delhi,PM10,28.570173,76.933762
625,10488,34775,Najafgarh,Delhi,PM10,28.570173,76.933762
626,10488,12235065,Najafgarh,Delhi,PM2.5,28.570173,76.933762
627,10488,34774,Najafgarh,Delhi,PM2.5,28.570173,76.933762
628,10488,34773,Najafgarh,Delhi,SO₂ mass,28.570173,76.933762
629,10489,34821,ITO,Delhi,NO₂ mass,28.628624,77.24106
630,10489,34816,ITO,Delhi,O₃ mass,28.628624,77.24106
631,10489,34793,ITO,Delhi,PM10,28.628624,77.24106
632,10489,35016,ITO,Delhi,PM2.5,28.628624,77.24106
633,10489,35015,ITO,Delhi,SO₂ mass,28.628624,77.24106
634,10633,35353,Victoria,Kolkata,NO₂ mass,22.5448082,88.3403691
635,10633,35354,Victoria,Kolkata,O₃ mass,22.5448082,88.3403691
636,10633,12235678,Victoria,Kolkata,O₃ mass,22.5448082,88.3403691
637,10633,12235679,Victoria,Kolkata,PM10,22.5448082,88.3403691
638,10633,35355,Victoria,Kolkata,PM10,22.5448082,88.3403691
639,10633,35356,Victoria,Kolkata,PM2.5,22.5448082,88.3403691
640,10633,12235680,Victoria,Kolkata,PM2.5,22.5448082,88.3403691
641,10633,35447,Victoria,Kolkata,SO₂ mass,22.5448082,88.3403691
642,10780,36023,Manali Village,Chennai,NO₂ mass,13.1662,80.2584
643,10780,36021,Manali Village,Chennai,O₃ mass,13.1662,80.2584
644,10780,12235794,Manali Village,Chennai,O₃ mass,13.1662,80.2584
645,10780,12235795,Manali Village,Chennai,PM10,13.1662,80.2584
646,10780,36019,Manali Village,Chennai,PM10,13.1662,80.2584
647,10780,36018,Manali Village,Chennai,PM2.5,13.1662,80.2584
648,10780,12235796,Manali Village,Chennai,PM2.5,13.1662,80.2584
649,10780,36017,Manali Village,Chennai,SO₂ mass,13.1662,80.2584
650,10831,36209,Rohini,Delhi,NO₂ mass,28.732528,77.11992
651,10831,12235090,Rohini,Delhi,O₃ mass,28.732528,77.11992
652,10831,36213,Rohini,Delhi,O₃ mass,28.732528,77.11992
653,10831,36382,Rohini,Delhi,PM10,28.732528,77.11992
654,10831,12235091,Rohini,Delhi,PM10,28.732528,77.11992
655,10831,12235092,Rohini,Delhi,PM2.5,28.732528,77.11992
656,10831,36399,Rohini,Delhi,PM2.5,28.732528,77.11992
657,10831,36449,Rohini,Delhi,SO₂ mass,28.732528,77.11992
658,10851,36320,Bidhannagar,Kolkata,NO₂ mass,22.58157048,88.41002457
659,10851,12235992,Bidhannagar,Kolkata,O₃ mass,22.58157048,88.41002457
660,10851,36319,Bidhannagar,Kolkata,O₃ mass,22.58157048,88.41002457
661,10851,36318,Bidhannagar,Kolkata,PM10,22.58157048,88.41002457
662,10851,12235993,Bidhannagar,Kolkata,PM10,22.58157048,88.41002457
663,10851,12235994,Bidhannagar,Kolkata,PM2.5,22.58157048,88.41002457
664,10851,36317,Bidhannagar,Kolkata,PM2.5,22.58157048,88.41002457
665,10851,36316,Bidhannagar,Kolkata,SO₂ mass,22.58157048,88.41002457
666,10896,36694,Chhoti Gwaltoli,Indore,NO₂ mass,22.431,75.5213
667,10896,36697,Chhoti Gwaltoli,Indore,O₃ mass,22.431,75.5213
668,10896,36698,Chhoti Gwaltoli,Indore,PM10,22.431,75.5213
669,10896,36699,Chhoti Gwaltoli,Indore,PM2.5,22.431,75.5213
670,10896,36519,Chhoti Gwaltoli,Indore,SO₂ mass,22.431,75.5213
671,10904,36551,Rabindra Sarobar,Kolkata,NO₂ mass,22.51106,88.35142
672,10904,12235965,Rabindra Sarobar,Kolkata,O₃ mass,22.51106,88.35142
673,10904,36581,Rabindra Sarobar,Kolkata,O₃ mass,22.51106,88.35142
674,10904,36602,Rabindra Sarobar,Kolkata,PM10,22.51106,88.35142
675,10904,12235966,Rabindra Sarobar,Kolkata,PM10,22.51106,88.35142
676,10904,12235967,Rabindra Sarobar,Kolkata,PM2.5,22.51106,88.35142
677,10904,36609,Rabindra Sarobar,Kolkata,PM2.5,22.51106,88.35142
678,10904,36651,Rabindra Sarobar,Kolkata,SO₂ mass,22.51106,88.35142
679,10918,36648,Ballygunge,Kolkata,NO₂ mass,22.5367507,88.3638022
680,10918,12236010,Ballygunge,Kolkata,O₃ mass,22.5367507,88.3638022
681,10918,36647,Ballygunge,Kolkata,O₃ mass,22.5367507,88.3638022
682,10918,12236011,Ballygunge,Kolkata,PM10,22.5367507,88.3638022
683,10918,36644,Ballygunge,Kolkata,PM10,22.5367507,88.3638022
684,10918,36640,Ballygunge,Kolkata,PM2.5,22.5367507,88.3638022
685,10918,12236012,Ballygunge,Kolkata,PM2.5,22.5367507,88.3638022
686,10918,36639,Ballygunge,Kolkata,SO₂ mass,22.5367507,88.3638022
687,11578,39323,Royapuram,Chennai,NO₂ mass,13.1036,80.2909
688,11578,39389,Royapuram,Chennai,O₃ mass,13.1036,80.2909
689,11578,12236297,Royapuram,Chennai,O₃ mass,13.1036,80.2909
690,11578,12236298,Royapuram,Chennai,PM10,13.1036,80.2909
691,11578,39322,Royapuram,Chennai,PM10,13.1036,80.2909
692,11578,39321,Royapuram,Chennai,PM2.5,13.1036,80.2909
693,11578,12236299,Royapuram,Chennai,PM2.5,13.1036,80.2909
694,11578,39324,Royapuram,Chennai,SO₂ mass,13.1036,80.2909
695,11579,39328,Kodungaiyur,Chennai,NO₂ mass,13.1278,80.2642
696,11579,39331,Kodungaiyur,Chennai,O₃ mass,13.1278,80.2642
697,11579,12236306,Kodungaiyur,Chennai,O₃ mass,13.1278,80.2642
698,11579,12236307,Kodungaiyur,Chennai,PM10,13.1278,80.2642
699,11579,39327,Kodungaiyur,Chennai,PM10,13.1278,80.2642
700,11579,39326,Kodungaiyur,Chennai,PM2.5,13.1278,80.2642
701,11579,12236308,Kodungaiyur,Chennai,PM2.5,13.1278,80.2642
702,11579,39329,Kodungaiyur,Chennai,SO₂ mass,13.1278,80.2642
703,11581,39337,Arumbakkam,Chennai,NO₂ mass,13.0664,80.2112
704,11581,12236273,Arumbakkam,Chennai,PM10,13.0664,80.2112
705,11581,39336,Arumbakkam,Chennai,PM10,13.0664,80.2112
706,11581,12236274,Arumbakkam,Chennai,PM2.5,13.0664,80.2112
707,11581,39335,Arumbakkam,Chennai,PM2.5,13.0664,80.2112
708,11581,39521,Arumbakkam,Chennai,SO₂ mass,13.0664,80.2112
709,11602,39406,Bandra Kurla Complex,Mumbai,NO₂ mass,19.053536000000005,72.84643
710,11602,39409,Bandra Kurla Complex,Mumbai,O₃ mass,19.053536000000005,72.84643
711,11602,39405,Bandra Kurla Complex,Mumbai,PM10,19.053536000000005,72.84643
712,11602,39404,Bandra Kurla Complex,Mumbai,PM2.5,19.053536000000005,72.84643
713,11602,39407,Bandra Kurla Complex,Mumbai,SO₂ mass,19.053536000000005,72.84643
714,11603,39412,Chandni Chowk,Delhi,NO₂ mass,28.656756,77.227234
715,11603,39415,Chandni Chowk,Delhi,O₃ mass,28.656756,77.227234
716,11603,12236359,Chandni Chowk,Delhi,O₃ mass,28.656756,77.227234
717,11603,12236360,Chandni Chowk,Delhi,PM10,28.656756,77.227234
718,11603,39411,Chandni Chowk,Delhi,PM10,28.656756,77.227234
719,11603,39410,Chandni Chowk,Delhi,PM2.5,28.656756,77.227234
720,11603,12236361,Chandni Chowk,Delhi,PM2.5,28.656756,77.227234
721,11603,39413,Chandni Chowk,Delhi,SO₂ mass,28.656756,77.227234
722,11604,39418,Deonar,Mumbai,NO₂ mass,19.04946,72.923
723,11604,39421,Deonar,Mumbai,O₃ mass,19.04946,72.923
724,11604,39417,Deonar,Mumbai,PM10,19.04946,72.923
725,11604,39416,Deonar,Mumbai,PM2.5,19.04946,72.923
726,11604,39419,Deonar,Mumbai,SO₂ mass,19.04946,72.923
727,11606,39430,Borivali East,Mumbai,NO₂ mass,19.23241,72.86895
728,11606,39432,Borivali East,Mumbai,O₃ mass,19.23241,72.86895
729,11606,12236416,Borivali East,Mumbai,O₃ mass,19.23241,72.86895
730,11606,12236417,Borivali East,Mumbai,PM10,19.23241,72.86895
731,11606,39429,Borivali East,Mumbai,PM10,19.23241,72.86895
732,11606,39428,Borivali East,Mumbai,PM2.5,19.23241,72.86895
733,11606,12236418,Borivali East,Mumbai,PM2.5,19.23241,72.86895
734,11607,39435,Lodhi Road,Delhi,NO₂ mass,28.588333,77.221667
735,11607,39438,Lodhi Road,Delhi,O₃ mass,28.588333,77.221667
736,11607,39434,Lodhi Road,Delhi,PM10,28.588333,77.221667
737,11607,12236375,Lodhi Road,Delhi,PM10,28.588333,77.221667
738,11607,12236376,Lodhi Road,Delhi,PM2.5,28.588333,77.221667
739,11607,39433,Lodhi Road,Delhi,PM2.5,28.588333,77.221667
740,11607,39436,Lodhi Road,Delhi,SO₂ mass,28.588333,77.221667
741,11611,39456,Malad West,Mumbai,NO₂ mass,19.19709,72.82204
742,11611,39459,Malad West,Mumbai,O₃ mass,19.19709,72.82204
743,11611,12236424,Malad West,Mumbai,O₃ mass,19.19709,72.82204
744,11611,12236425,Malad West,Mumbai,PM10,19.19709,72.82204
745,11611,39455,Malad West,Mumbai,PM10,19.19709,72.82204
746,11611,39454,Malad West,Mumbai,PM2.5,19.19709,72.82204
747,11611,12236426,Malad West,Mumbai,PM2.5,19.19709,72.82204
748,11611,39457,Malad West,Mumbai,SO₂ mass,19.19709,72.82204
749,11612,39462,Sector-19A Nerul,Navi Mumbai,NO₂ mass,19.044,73.03250000000001
750,11612,39465,Sector-19A Nerul,Navi Mumbai,O₃ mass,19.044,73.03250000000001
751,11612,39461,Sector-19A Nerul,Navi Mumbai,PM10,19.044,73.03250000000001
752,11612,39460,Sector-19A Nerul,Navi Mumbai,PM2.5,19.044,73.03250000000001
753,11612,39463,Sector-19A Nerul,Navi Mumbai,SO₂ mass,19.044,73.03250000000001
754,12024,40574,Chakala-Andheri East,Mumbai,NO₂ mass,19.11074,72.86084
755,12024,12236409,Chakala-Andheri East,Mumbai,O₃ mass,19.11074,72.86084
756,12024,40570,Chakala-Andheri East,Mumbai,O₃ mass,19.11074,72.86084
757,12024,40572,Chakala-Andheri East,Mumbai,PM10,19.11074,72.86084
758,12024,12442195,Chakala-Andheri East,Mumbai,PM10,19.11074,72.86084
759,12024,12442196,Chakala-Andheri East,Mumbai,PM2.5,19.11074,72.86084
760,12024,40571,Chakala-Andheri East,Mumbai,PM2.5,19.11074,72.86084
761,12024,40573,Chakala-Andheri East,Mumbai,SO₂ mass,19.11074,72.86084
762,12039,40639,Khindipada-Bhandup West,Mumbai,NO₂ mass,19.164394,72.928297
763,12039,40634,Khindipada-Bhandup West,Mumbai,O₃ mass,19.164394,72.928297
764,12039,12236392,Khindipada-Bhandup West,Mumbai,O₃ mass,19.164394,72.928297
765,12039,12236393,Khindipada-Bhandup West,Mumbai,PM10,19.164394,72.928297
766,12039,40615,Khindipada-Bhandup West,Mumbai,PM10,19.164394,72.928297
767,12039,12236394,Khindipada-Bhandup West,Mumbai,PM2.5,19.164394,72.928297
768,12039,40608,Khindipada-Bhandup West,Mumbai,PM2.5,19.164394,72.928297
769,12039,40617,Khindipada-Bhandup West,Mumbai,SO₂ mass,19.164394,72.928297
770,12040,40612,Mulund West,Mumbai,NO₂ mass,19.175,72.9419
771,12040,40644,Mulund West,Mumbai,O₃ mass,19.175,72.9419
772,12040,12236479,Mulund West,Mumbai,O₃ mass,19.175,72.9419
773,12040,12236480,Mulund West,Mumbai,PM10,19.175,72.9419
774,12040,40628,Mulund West,Mumbai,PM10,19.175,72.9419
775,12040,40641,Mulund West,Mumbai,PM2.5,19.175,72.9419
776,12040,12236481,Mulund West,Mumbai,PM2.5,19.175,72.9419
777,12040,40640,Mulund West,Mumbai,SO₂ mass,19.175,72.9419
778,12044,40624,Kandivali East,Mumbai,NO₂ mass,19.2058,72.8682
779,12044,40627,Kandivali East,Mumbai,O₃ mass,19.2058,72.8682
780,12044,12236470,Kandivali East,Mumbai,O₃ mass,19.2058,72.8682
781,12044,12236471,Kandivali East,Mumbai,PM10,19.2058,72.8682
782,12044,40652,Kandivali East,Mumbai,PM10,19.2058,72.8682
783,12044,12236472,Kandivali East,Mumbai,PM2.5,19.2058,72.8682
784,12044,40650,Kandivali East,Mumbai,PM2.5,19.2058,72.8682
785,12044,40620,Kandivali East,Mumbai,SO₂ mass,19.2058,72.8682
786,12046,12236288,Perungudi,Chennai,O₃ mass,12.9533,80.2357
787,12046,12236289,Perungudi,Chennai,PM10,12.9533,80.2357
788,12046,12236290,Perungudi,Chennai,PM2.5,12.9533,80.2357
789,60661,389767,Siddharth Nagar-Worli,Mumbai,NO₂ mass,19.000083,72.813993
790,60661,389777,Siddharth Nagar-Worli,Mumbai,O₃ mass,19.000083,72.813993
791,60661,389771,Siddharth Nagar-Worli,Mumbai,PM10,19.000083,72.813993
792,60661,389761,Siddharth Nagar-Worli,Mumbai,PM2.5,19.000083,72.813993
793,3409319,12235547,Alandur Bus Depot,Chennai,O₃ mass,12.9099161,80.1076538
794,3409319,12235548,Alandur Bus Depot,Chennai,PM10,12.9099161,80.1076538
795,3409319,12235549,Alandur Bus Depot,Chennai,PM2.5,12.9099161,80.1076538
796,3409320,12235563,Rabindra Bharati University,Kolkata,O₃ mass,22.627875,88.3804
797,3409320,12235564,Rabindra Bharati University,Kolkata,PM10,22.627875,88.3804
798,3409320,12235565,Rabindra Bharati University,Kolkata,PM2.5,22.627875,88.3804
799,3409323,12235912,Worli,Mumbai,O₃ mass,18.9936162,72.8128113
800,3409323,12235913,Worli,Mumbai,PM10,18.9936162,72.8128113
801,3409323,12235914,Worli,Mumbai,PM2.5,18.9936162,72.8128113
802,3409328,12708244,Bandra Kurla Complex,Mumbai,O₃ mass,19.0627,72.84614
803,3409328,12708245,Bandra Kurla Complex,Mumbai,PM10,19.0627,72.84614
804,3409328,12708246,Bandra Kurla Complex,Mumbai,PM2.5,19.0627,72.84614
805,3409329,12236383,Deonar,Mumbai,O₃ mass,19.04946,72.923
806,3409329,12236384,Deonar,Mumbai,PM10,19.04946,72.923
807,3409329,12236385,Deonar,Mumbai,PM2.5,19.04946,72.923
808,3409385,12237571,RVCE-Mailasandra,Bengaluru,O₃ mass,12.921418,77.502466
809,3409385,12237572,RVCE-Mailasandra,Bengaluru,PM10,12.921418,77.502466
810,3409385,12237573,RVCE-Mailasandra,Bengaluru,PM2.5,12.921418,77.502466
811,3409388,12237598,Kasturi Nagar,Bengaluru,O₃ mass,13.003872,77.664217
812,3409388,12237599,Kasturi Nagar,Bengaluru,PM10,13.003872,77.664217
813,3409388,12237600,Kasturi Nagar,Bengaluru,PM2.5,13.003872,77.664217
814,3409393,12237643,Shivapura_Peenya,Bengaluru,O₃ mass,13.0246342,77.5080115
815,3409393,12237644,Shivapura_Peenya,Bengaluru,PM10,13.0246342,77.5080115
816,3409393,12237645,Shivapura_Peenya,Bengaluru,PM2.5,13.0246342,77.5080115
817,3409414,12237817,Vijay Nagar Scheme-78,Indore,PM10,22.76726,75.8871
818,3409414,12237818,Vijay Nagar Scheme-78,Indore,PM2.5,22.76726,75.8871
819,3409434,12243006,Jigani,Bengaluru,O₃ mass,12.7816279,77.6299145
820,3409434,12243007,Jigani,Bengaluru,PM10,12.7816279,77.6299145
821,3409434,12243008,Jigani,Bengaluru,PM2.5,12.7816279,77.6299145
822,3409471,12238274,Sector-2E Kalamboli,Navi Mumbai,O₃ mass,19.02579,73.10297
823,3409471,12238275,Sector-2E Kalamboli,Navi Mumbai,PM10,19.02579,73.10297
824,3409471,12238276,Sector-2E Kalamboli,Navi Mumbai,PM2.5,19.02579,73.10297
825,3409475,12238310,Tondare-Taloja,Navi Mumbai,O₃ mass,19.063,73.1209
826,3409475,12238311,Tondare-Taloja,Navi Mumbai,PM10,19.063,73.1209
827,3409475,12238312,Tondare-Taloja,Navi Mumbai,PM2.5,19.063,73.1209
828,3409477,12238328,Kopripada-Vashi,Navi Mumbai,O₃ mass,19.090337,73.014232
829,3409477,12238329,Kopripada-Vashi,Navi Mumbai,PM10,19.090337,73.014232
830,3409477,12238330,Kopripada-Vashi,Navi Mumbai,PM2.5,19.090337,73.014232
831,3409479,12238346,Mindspace-Malad West,Mumbai,O₃ mass,19.1878657,72.8304069
832,3409479,12238347,Mindspace-Malad West,Mumbai,PM10,19.1878657,72.8304069
833,3409479,12238348,Mindspace-Malad West,Mumbai,PM2.5,19.1878657,72.8304069
834,3409482,12238373,Bandra Kurla Complex,Mumbai,O₃ mass,19.065931,72.862131
835,3409482,12238374,Bandra Kurla Complex,Mumbai,PM10,19.065931,72.862131
836,3409482,12238375,Bandra Kurla Complex,Mumbai,PM2.5,19.065931,72.862131
837,3409483,12238382,Chembur,Mumbai,O₃ mass,19.0364585,72.8954371
838,3409483,12238383,Chembur,Mumbai,PM10,19.0364585,72.8954371
839,3409483,12238384,Chembur,Mumbai,PM2.5,19.0364585,72.8954371
840,3409486,12238409,Kherwadi_Bandra East,Mumbai,O₃ mass,19.0632143,72.8456324
841,3409486,12238410,Kherwadi_Bandra East,Mumbai,PM10,19.0632143,72.8456324
842,3409486,12238411,Kherwadi_Bandra East,Mumbai,PM2.5,19.0632143,72.8456324
843,3409487,12243947,Sanpada,Navi Mumbai,O₃ mass,19.0575752,73.0151367
844,3409487,12243948,Sanpada,Navi Mumbai,PM10,19.0575752,73.0151367
845,3409487,12243949,Sanpada,Navi Mumbai,PM2.5,19.0575752,73.0151367
846,3409498,12238475,Residency Area,Indore,O₃ mass,22.7084,75.8815
847,3409498,12238476,Residency Area,Indore,PM10,22.7084,75.8815
848,3409498,12238477,Residency Area,Indore,PM2.5,22.7084,75.8815
849,3409499,12238484,Regional Park,Indore,O₃ mass,22.678,75.8559
850,3409499,12238485,Regional Park,Indore,PM10,22.678,75.8559
851,3409499,12238486,Regional Park,Indore,PM2.5,22.678,75.8559
852,3409500,12815120,Maguda Nagar,Indore,O₃ mass,22.7524,75.8872
853,3409500,12815121,Maguda Nagar,Indore,PM10,22.7524,75.8872
854,3409500,12815122,Maguda Nagar,Indore,PM2.5,22.7524,75.8872
855,3409501,12238493,Airport Area,Indore,O₃ mass,22.7289,75.8076
856,3409501,12238494,Airport Area,Indore,PM10,22.7289,75.8076
857,3409501,12238495,Airport Area,Indore,PM2.5,22.7289,75.8076
858,3409510,12238565,Byculla,Mumbai,O₃ mass,18.9767,72.838
859,3409510,12238566,Byculla,Mumbai,PM10,18.9767,72.838
860,3409510,12238567,Byculla,Mumbai,PM2.5,18.9767,72.838
861,3409511,12238574,Shivaji Nagar,Mumbai,O₃ mass,19.060498,72.923356
862,3409511,12238575,Shivaji Nagar,Mumbai,PM10,19.060498,72.923356
863,3409511,12238576,Shivaji Nagar,Mumbai,PM2.5,19.060498,72.923356
864,3409512,12238583,Kandivali West,Mumbai,O₃ mass,19.215859,72.831718
865,3409512,12238584,Kandivali West,Mumbai,PM10,19.215859,72.831718
866,3409512,12238585,Kandivali West,Mumbai,PM2.5,19.215859,72.831718
867,3409513,12238592,Sewri,Mumbai,O₃ mass,19.000084,72.85673
868,3409513,12238593,Sewri,Mumbai,PM10,19.000084,72.85673
869,3409513,12238594,Sewri,Mumbai,PM2.5,19.000084,72.85673
870,3409514,12238601,Ghatkopar,Mumbai,O₃ mass,19.083694,72.920967
871,3409514,12238602,Ghatkopar,Mumbai,PM10,19.083694,72.920967
872,3409514,12238603,Ghatkopar,Mumbai,PM2.5,19.083694,72.920967
