Location_id,Sensor_id,Area,City,Sensor_name,Latitude,Longitude
12,23,SPARTAN,Kanpur,PM2.5,26.519,80.233
13,13866,Delhi Technological University,Delhi,NO₂ mass,28.744,77.12
13,13864,Delhi Technological University,Delhi,PM2.5,28.744,77.12
17,392,R K Puram,Delhi,CO mass,28.563262,77.186937
17,36,R K Puram,Delhi,NO₂ mass,28.563262,77.186937
17,12234786,R K Puram,Delhi,PM10,28.563262,77.186937
17,399,R K Puram,Delhi,PM10,28.563262,77.186937
17,12234787,R K Puram,Delhi,PM2.5,28.563262,77.186937
17,35,R K Puram,Delhi,PM2.5,28.563262,77.186937
17,393,R K Puram,Delhi,SO₂ mass,28.563262,77.186937
50,398,Punjabi Bagh,Delhi,CO mass,28.674045,77.131023
50,400,Punjabi Bagh,Delhi,NO₂ mass,28.674045,77.131023
50,395,Punjabi Bagh,Delhi,PM10,28.674045,77.131023
50,12234795,Punjabi Bagh,Delhi,PM10,28.674045,77.131023
50,12234796,Punjabi Bagh,Delhi,PM2.5,28.674045,77.131023
50,396,Punjabi Bagh,Delhi,PM2.5,28.674045,77.131023
50,397,Punjabi Bagh,Delhi,SO₂ mass,28.674045,77.131023
103,169,Income Tax Office,Delhi,CO mass,28.623499999999996,77.2494
103,13863,Income Tax Office,Delhi,NO₂ mass,28.623499999999996,77.2494
103,13862,Income Tax Office,Delhi,PM10,28.623499999999996,77.2494
103,13861,Income Tax Office,Delhi,PM2.5,28.623499999999996,77.2494
235,385,Anand Vihar,Delhi,CO mass,28.646835,77.316032
235,382,Anand Vihar,Delhi,NO₂ mass,28.646835,77.316032
235,12235609,Anand Vihar,Delhi,PM10,28.646835,77.316032
235,381,Anand Vihar,Delhi,PM10,28.646835,77.316032
235,384,Anand Vihar,Delhi,PM2.5,28.646835,77.316032
235,12235610,Anand Vihar,Delhi,PM2.5,28.646835,77.316032
235,383,Anand Vihar,Delhi,SO₂ mass,28.646835,77.316032
236,386,Mandir Marg,Delhi,CO mass,28.6341,77.2005
236,389,Mandir Marg,Delhi,NO₂ mass,28.6341,77.2005
236,391,Mandir Marg,Delhi,PM10,28.6341,77.2005
236,388,Mandir Marg,Delhi,PM2.5,28.6341,77.2005
236,387,Mandir Marg,Delhi,SO₂ mass,28.6341,77.2005
407,710,Zoo Park,Hyderabad,CO mass,17.349694,78.451437
407,712,Zoo Park,Hyderabad,NO₂ mass,17.349694,78.451437
407,12235582,Zoo Park,Hyderabad,PM10,17.349694,78.451437
407,715,Zoo Park,Hyderabad,PM10,17.349694,78.451437
407,12235583,Zoo Park,Hyderabad,PM2.5,17.349694,78.451437
407,714,Zoo Park,Hyderabad,PM2.5,17.349694,78.451437
407,713,Zoo Park,Hyderabad,SO₂ mass,17.349694,78.451437
412,722,Peenya,Bengaluru,CO mass,13.0339,77.51321111
412,1518,Peenya,Bengaluru,NO₂ mass,13.0339,77.51321111
412,13852,Peenya,Bengaluru,PM2.5,13.0339,77.51321111
412,13853,Peenya,Bengaluru,SO₂ mass,13.0339,77.51321111
431,5361,IHBAS,Delhi,CO mass,28.6821,77.305
431,747,IHBAS,Delhi,NO₂ mass,28.6821,77.305
431,13868,IHBAS,Delhi,PM2.5,28.6821,77.305
431,13867,IHBAS,Delhi,SO₂ mass,28.6821,77.305
594,1048,BTM Layout,Bengaluru,CO mass,12.912811110000002,77.60921944
594,1427,BTM Layout,Bengaluru,NO₂ mass,12.912811110000002,77.60921944
594,13836,BTM Layout,Bengaluru,PM2.5,12.912811110000002,77.60921944
594,13837,BTM Layout,Bengaluru,SO₂ mass,12.912811110000002,77.60921944
716,5504,Rabindra Bharati University,Kolkata,CO mass,22.627875,88.3804
716,5505,Rabindra Bharati University,Kolkata,NO₂ mass,22.627875,88.3804
716,5503,Rabindra Bharati University,Kolkata,PM10,22.627875,88.3804
716,1242,Rabindra Bharati University,Kolkata,PM2.5,22.627875,88.3804
716,1241,Rabindra Bharati University,Kolkata,SO₂ mass,22.627875,88.3804
2456,4712,Talkatora District Industries Center,Lucknow,CO mass,26.83399722,80.8917361
2456,5231,Talkatora District Industries Center,Lucknow,NO₂ mass,26.83399722,80.8917361
2456,12235573,Talkatora District Industries Center,Lucknow,PM10,26.83399722,80.8917361
2456,36696,Talkatora District Industries Center,Lucknow,PM10,26.83399722,80.8917361
2456,14237,Talkatora District Industries Center,Lucknow,PM2.5,26.83399722,80.8917361
2456,12235574,Talkatora District Industries Center,Lucknow,PM2.5,26.83399722,80.8917361
2456,14238,Talkatora District Industries Center,Lucknow,SO₂ mass,26.83399722,80.8917361
2459,4720,US Diplomatic Post: Hyderabad,Hyderabad,PM2.5,17.443464,78.47489
2460,4724,US Diplomatic Post: Kolkata,Kolkata,PM2.5,22.547142,88.351048
2503,4851,Shadipur,Delhi,CO mass,28.651699999999998,77.1581
2503,4852,Shadipur,Delhi,NO₂ mass,28.651699999999998,77.1581
2503,13860,Shadipur,Delhi,PM2.5,28.651699999999998,77.1581
2503,13859,Shadipur,Delhi,SO₂ mass,28.651699999999998,77.1581
2592,5381,BWSSB Kadabesanahalli,Bengaluru,CO mass,12.93890556,77.69727222
2592,5380,BWSSB Kadabesanahalli,Bengaluru,NO₂ mass,12.93890556,77.69727222
2592,13898,BWSSB Kadabesanahalli,Bengaluru,PM2.5,12.93890556,77.69727222
2592,13888,BWSSB Kadabesanahalli,Bengaluru,SO₂ mass,12.93890556,77.69727222
2594,5387,Sanathnagar,Hyderabad,CO mass,17.42329722,78.47469722
2594,9127,Sanathnagar,Hyderabad,PM2.5,17.42329722,78.47469722
2594,9128,Sanathnagar,Hyderabad,SO₂ mass,17.42329722,78.47469722
2597,5398,US Diplomatic Post: New Delhi,Delhi,PM2.5,28.598096,77.189066
2598,5400,Navi Mumbai Municipal Corporation Airoli,Mumbai,CO mass,19.1494,72.9986
2598,5408,Navi Mumbai Municipal Corporation Airoli,Mumbai,PM10,19.1494,72.9986
2598,5404,Navi Mumbai Municipal Corporation Airoli,Mumbai,PM2.5,19.1494,72.9986
2598,13523,Navi Mumbai Municipal Corporation Airoli,Mumbai,SO₂ mass,19.1494,72.9986
5404,14086,Pusa,Delhi,CO mass,28.639645,77.146263
5404,14084,Pusa,Delhi,NO₂ mass,28.639645,77.146263
5404,12234701,Pusa,Delhi,PM10,28.639645,77.146263
5404,14085,Pusa,Delhi,PM10,28.639645,77.146263
5404,14087,Pusa,Delhi,PM2.5,28.639645,77.146263
5404,12234702,Pusa,Delhi,PM2.5,28.639645,77.146263
5509,14519,Anand Vihar,Delhi,CO mass,28.647622000000002,77.315809
5509,14523,Anand Vihar,Delhi,NO₂ mass,28.647622000000002,77.315809
5509,14522,Anand Vihar,Delhi,PM10,28.647622000000002,77.315809
5509,14521,Anand Vihar,Delhi,PM2.5,28.647622000000002,77.315809
5509,14520,Anand Vihar,Delhi,SO₂ mass,28.647622000000002,77.315809
5540,14616,Punjabi Bagh,Delhi,CO mass,28.6670856,77.1301247
5540,14613,Punjabi Bagh,Delhi,NO₂ mass,28.6670856,77.1301247
5540,14612,Punjabi Bagh,Delhi,PM10,28.6670856,77.1301247
5540,14617,Punjabi Bagh,Delhi,PM2.5,28.6670856,77.1301247
5540,14615,Punjabi Bagh,Delhi,SO₂ mass,28.6670856,77.1301247
5541,14958,Burari Crossing,Delhi,CO mass,28.7256504,77.2011573
5541,14936,Burari Crossing,Delhi,NO₂ mass,28.7256504,77.2011573
5541,14620,Burari Crossing,Delhi,PM10,28.7256504,77.2011573
5541,12234683,Burari Crossing,Delhi,PM10,28.7256504,77.2011573
5541,12234684,Burari Crossing,Delhi,PM2.5,28.7256504,77.2011573
5541,14912,Burari Crossing,Delhi,PM2.5,28.7256504,77.2011573
5547,14637,BWSSB Kadabesanahalli,Bengaluru,CO mass,12.9352049,77.6814488
5547,14636,BWSSB Kadabesanahalli,Bengaluru,NO₂ mass,12.9352049,77.6814488
5547,1303004,BWSSB Kadabesanahalli,Bengaluru,PM10,12.9352049,77.6814488
5547,14641,BWSSB Kadabesanahalli,Bengaluru,PM2.5,12.9352049,77.6814488
5547,14634,BWSSB Kadabesanahalli,Bengaluru,SO₂ mass,12.9352049,77.6814488
5548,14657,BTM Layout,Bengaluru,CO mass,12.9135218,77.5950804
5548,14639,BTM Layout,Bengaluru,NO₂ mass,12.9135218,77.5950804
5548,1305377,BTM Layout,Bengaluru,PM10,12.9135218,77.5950804
5548,12235360,BTM Layout,Bengaluru,PM10,12.9135218,77.5950804
5548,14635,BTM Layout,Bengaluru,PM2.5,12.9135218,77.5950804
5548,12235361,BTM Layout,Bengaluru,PM2.5,12.9135218,77.5950804
5548,14642,BTM Layout,Bengaluru,SO₂ mass,12.9135218,77.5950804
5570,15010,Aya Nagar,Delhi,CO mass,28.474261,77.131606
5570,15019,Aya Nagar,Delhi,NO₂ mass,28.474261,77.131606
5570,15027,Aya Nagar,Delhi,PM10,28.474261,77.131606
5570,12234707,Aya Nagar,Delhi,PM10,28.474261,77.131606
5570,14717,Aya Nagar,Delhi,PM2.5,28.474261,77.131606
5570,12234708,Aya Nagar,Delhi,PM2.5,28.474261,77.131606
5574,14779,City Railway Station,Bengaluru,CO mass,12.9756843,77.5660749
5574,14773,City Railway Station,Bengaluru,NO₂ mass,12.9756843,77.5660749
5574,14775,City Railway Station,Bengaluru,PM10,12.9756843,77.5660749
5574,12235377,City Railway Station,Bengaluru,PM10,12.9756843,77.5660749
5574,14732,City Railway Station,Bengaluru,SO₂ mass,12.9756843,77.5660749
5581,15266,Pusa,Delhi,CO mass,28.610304,77.0996943
5581,14800,Pusa,Delhi,NO₂ mass,28.610304,77.0996943
5581,14851,Pusa,Delhi,PM10,28.610304,77.0996943
5581,14853,Pusa,Delhi,PM2.5,28.610304,77.0996943
5586,12234768,Sirifort,Delhi,PM10,28.5504249,77.2159377
5586,12234769,Sirifort,Delhi,PM2.5,28.5504249,77.2159377
5599,14820,Bollaram Industrial Area,Hyderabad,CO mass,17.540891,78.358528
5599,14842,Bollaram Industrial Area,Hyderabad,NO₂ mass,17.540891,78.358528
5599,12235399,Bollaram Industrial Area,Hyderabad,PM10,17.540891,78.358528
5599,14813,Bollaram Industrial Area,Hyderabad,PM10,17.540891,78.358528
5599,15217,Bollaram Industrial Area,Hyderabad,PM2.5,17.540891,78.358528
5599,12235400,Bollaram Industrial Area,Hyderabad,PM2.5,17.540891,78.358528
5599,15221,Bollaram Industrial Area,Hyderabad,SO₂ mass,17.540891,78.358528
5604,14896,Nishant Ganj,Lucknow,CO mass,26.871428,80.957145
5604,15139,Nishant Ganj,Lucknow,NO₂ mass,26.871428,80.957145
5604,14845,Nishant Ganj,Lucknow,PM2.5,26.871428,80.957145
5604,14880,Nishant Ganj,Lucknow,SO₂ mass,26.871428,80.957145
5607,15270,Peenya,Bengaluru,CO mass,13.0270199,77.494094
5607,14850,Peenya,Bengaluru,NO₂ mass,13.0270199,77.494094
5607,12235369,Peenya,Bengaluru,PM10,13.0270199,77.494094
5607,1303005,Peenya,Bengaluru,PM10,13.0270199,77.494094
5607,14859,Peenya,Bengaluru,PM2.5,13.0270199,77.494094
5607,12235370,Peenya,Bengaluru,PM2.5,13.0270199,77.494094
5607,14862,Peenya,Bengaluru,SO₂ mass,13.0270199,77.494094
5610,14909,North Campus,Delhi,CO mass,28.6573814,77.1585447
5610,14902,North Campus,Delhi,NO₂ mass,28.6573814,77.1585447
5610,12234689,North Campus,Delhi,PM10,28.6573814,77.1585447
5610,14886,North Campus,Delhi,PM10,28.6573814,77.1585447
5610,12234690,North Campus,Delhi,PM2.5,28.6573814,77.1585447
5610,14860,North Campus,Delhi,PM2.5,28.6573814,77.1585447
5613,17782,ITO,Delhi,CO mass,28.628624,77.24106
5613,14866,ITO,Delhi,NO₂ mass,28.628624,77.24106
5613,12234752,ITO,Delhi,PM10,28.628624,77.24106
5613,14869,ITO,Delhi,PM10,28.628624,77.24106
5613,12234753,ITO,Delhi,PM2.5,28.628624,77.24106
5613,14878,ITO,Delhi,PM2.5,28.628624,77.24106
5613,17781,ITO,Delhi,SO₂ mass,28.628624,77.24106
5622,14916,NSIT Dwarka,Delhi,CO mass,28.60909,77.0325413
5622,14919,NSIT Dwarka,Delhi,NO₂ mass,28.60909,77.0325413
5622,12234743,NSIT Dwarka,Delhi,PM10,28.60909,77.0325413
5622,34957,NSIT Dwarka,Delhi,PM10,28.60909,77.0325413
5622,12234744,NSIT Dwarka,Delhi,PM2.5,28.60909,77.0325413
5622,14922,NSIT Dwarka,Delhi,PM2.5,28.60909,77.0325413
5622,14923,NSIT Dwarka,Delhi,SO₂ mass,28.60909,77.0325413
5623,15193,Central University,Hyderabad,CO mass,17.460103,78.334361
5623,14918,Central University,Hyderabad,NO₂ mass,17.460103,78.334361
5623,12242120,Central University,Hyderabad,PM10,17.460103,78.334361
5623,15046,Central University,Hyderabad,PM10,17.460103,78.334361
5623,12242121,Central University,Hyderabad,PM2.5,17.460103,78.334361
5623,15178,Central University,Hyderabad,PM2.5,17.460103,78.334361
5623,15167,Central University,Hyderabad,SO₂ mass,17.460103,78.334361
5624,15228,IDA Pashamylaram,Hyderabad,CO mass,17.5316895,78.218939
5624,15226,IDA Pashamylaram,Hyderabad,NO₂ mass,17.5316895,78.218939
5624,15230,IDA Pashamylaram,Hyderabad,PM10,17.5316895,78.218939
5624,12235504,IDA Pashamylaram,Hyderabad,PM10,17.5316895,78.218939
5624,12235505,IDA Pashamylaram,Hyderabad,PM2.5,17.5316895,78.218939
5624,15213,IDA Pashamylaram,Hyderabad,PM2.5,17.5316895,78.218939
5624,14928,IDA Pashamylaram,Hyderabad,SO₂ mass,17.5316895,78.218939
5626,14933,DTU,Delhi,CO mass,28.7500499,77.1112615
5626,14941,DTU,Delhi,NO₂ mass,28.7500499,77.1112615
5626,12234759,DTU,Delhi,PM10,28.7500499,77.1112615
5626,14974,DTU,Delhi,PM10,28.7500499,77.1112615
5626,14985,DTU,Delhi,PM2.5,28.7500499,77.1112615
5626,12234760,DTU,Delhi,PM2.5,28.7500499,77.1112615
5626,17766,DTU,Delhi,SO₂ mass,28.7500499,77.1112615
5627,15098,CRRI Mathura Road,Delhi,CO mass,28.5512005,77.2735737
5627,15082,CRRI Mathura Road,Delhi,NO₂ mass,28.5512005,77.2735737
5627,12234677,CRRI Mathura Road,Delhi,PM10,28.5512005,77.2735737
5627,14946,CRRI Mathura Road,Delhi,PM10,28.5512005,77.2735737
5627,14935,CRRI Mathura Road,Delhi,PM2.5,28.5512005,77.2735737
5627,12234678,CRRI Mathura Road,Delhi,PM2.5,28.5512005,77.2735737
5630,15119,Shadipur,Delhi,CO mass,28.6514781,77.1473105
5630,15053,Shadipur,Delhi,NO₂ mass,28.6514781,77.1473105
5630,36210,Shadipur,Delhi,PM10,28.6514781,77.1473105
5630,12234725,Shadipur,Delhi,PM10,28.6514781,77.1473105
5630,12234726,Shadipur,Delhi,PM2.5,28.6514781,77.1473105
5630,14959,Shadipur,Delhi,PM2.5,28.6514781,77.1473105
5630,14952,Shadipur,Delhi,SO₂ mass,28.6514781,77.1473105
5634,14978,Lodhi Road,Delhi,CO mass,28.5918245,77.2273074
5634,14980,Lodhi Road,Delhi,NO₂ mass,28.5918245,77.2273074
5634,14983,Lodhi Road,Delhi,PM10,28.5918245,77.2273074
5634,12234713,Lodhi Road,Delhi,PM10,28.5918245,77.2273074
5634,12234714,Lodhi Road,Delhi,PM2.5,28.5918245,77.2273074
5634,14984,Lodhi Road,Delhi,PM2.5,28.5918245,77.2273074
5639,15008,R K Puram,Delhi,CO mass,28.5646102,77.1670103
5639,15030,R K Puram,Delhi,NO₂ mass,28.5646102,77.1670103
5639,15059,R K Puram,Delhi,PM10,28.5646102,77.1670103
5639,15071,R K Puram,Delhi,PM2.5,28.5646102,77.1670103
5639,15092,R K Puram,Delhi,SO₂ mass,28.5646102,77.1670103
5641,15028,Mandir Marg,Delhi,CO mass,28.6372688,77.2005604
5641,15025,Mandir Marg,Delhi,NO₂ mass,28.6372688,77.2005604
5641,15022,Mandir Marg,Delhi,PM10,28.6372688,77.2005604
5641,15014,Mandir Marg,Delhi,PM2.5,28.6372688,77.2005604
5641,15013,Mandir Marg,Delhi,SO₂ mass,28.6372688,77.2005604
5644,15039,Sanegurava Halli,Bengaluru,CO mass,12.990328,77.5431385
5644,15035,Sanegurava Halli,Bengaluru,NO₂ mass,12.990328,77.5431385
5644,15033,Sanegurava Halli,Bengaluru,PM10,12.990328,77.5431385
5644,12235382,Sanegurava Halli,Bengaluru,PM10,12.990328,77.5431385
5644,15032,Sanegurava Halli,Bengaluru,SO₂ mass,12.990328,77.5431385
5645,15037,ICRISAT Patancheru,Hyderabad,CO mass,17.5184,78.278777
5645,15173,ICRISAT Patancheru,Hyderabad,NO₂ mass,17.5184,78.278777
5645,12235408,ICRISAT Patancheru,Hyderabad,PM10,17.5184,78.278777
5645,15267,ICRISAT Patancheru,Hyderabad,PM10,17.5184,78.278777
5645,15254,ICRISAT Patancheru,Hyderabad,PM2.5,17.5184,78.278777
5645,12235409,ICRISAT Patancheru,Hyderabad,PM2.5,17.5184,78.278777
5645,15233,ICRISAT Patancheru,Hyderabad,SO₂ mass,17.5184,78.278777
5647,15049,Sanathnagar,Hyderabad,CO mass,17.4559458,78.4332152
5647,15051,Sanathnagar,Hyderabad,NO₂ mass,17.4559458,78.4332152
5647,12242129,Sanathnagar,Hyderabad,PM2.5,17.4559458,78.4332152
5647,15065,Sanathnagar,Hyderabad,PM2.5,17.4559458,78.4332152
5647,15061,Sanathnagar,Hyderabad,SO₂ mass,17.4559458,78.4332152
5650,12234695,IGI Airport (T3),Delhi,PM10,28.5627763,77.1180053
5650,12234696,IGI Airport (T3),Delhi,PM2.5,28.5627763,77.1180053
5657,15129,Central School,Lucknow,CO mass,26.8821003,80.9302753
5657,15130,Central School,Lucknow,NO₂ mass,26.8821003,80.9302753
5657,34959,Central School,Lucknow,PM10,26.8821003,80.9302753
5657,15172,Central School,Lucknow,PM2.5,26.8821003,80.9302753
5657,15181,Central School,Lucknow,SO₂ mass,26.8821003,80.9302753
5659,15151,Lalbagh,Lucknow,CO mass,26.8458805,80.9365541
5659,15149,Lalbagh,Lucknow,NO₂ mass,26.8458805,80.9365541
5659,36168,Lalbagh,Lucknow,PM10,26.8458805,80.9365541
5659,12235521,Lalbagh,Lucknow,PM10,26.8458805,80.9365541
5659,12235522,Lalbagh,Lucknow,PM2.5,26.8458805,80.9365541
5659,15143,Lalbagh,Lucknow,PM2.5,26.8458805,80.9365541
5659,15142,Lalbagh,Lucknow,SO₂ mass,26.8458805,80.9365541
5662,15153,Nehru Nagar,Kanpur,CO mass,26.4703136,80.3229863
5662,15155,Nehru Nagar,Kanpur,NO₂ mass,26.4703136,80.3229863
5662,12235512,Nehru Nagar,Kanpur,PM10,26.4703136,80.3229863
5662,1348527,Nehru Nagar,Kanpur,PM10,26.4703136,80.3229863
5662,12235513,Nehru Nagar,Kanpur,PM2.5,26.4703136,80.3229863
5662,15183,Nehru Nagar,Kanpur,PM2.5,26.4703136,80.3229863
5662,15184,Nehru Nagar,Kanpur,SO₂ mass,26.4703136,80.3229863
5742,15498,Patparganj,Delhi,NO₂ mass,28.6310495,77.2846218
5742,15628,Patparganj,Delhi,PM10,28.6310495,77.2846218
5742,15629,Patparganj,Delhi,PM2.5,28.6310495,77.2846218
5742,15499,Patparganj,Delhi,SO₂ mass,28.6310495,77.2846218
5743,15503,Rohini,Delhi,CO mass,28.7407056,77.0577492
5743,15508,Rohini,Delhi,NO₂ mass,28.7407056,77.0577492
5743,15622,Rohini,Delhi,PM10,28.7407056,77.0577492
5743,15618,Rohini,Delhi,PM2.5,28.7407056,77.0577492
5743,15504,Rohini,Delhi,SO₂ mass,28.7407056,77.0577492
5744,15510,Dr. Karni Singh Shooting Range,Delhi,CO mass,28.4997315,77.2649067
5744,15505,Dr. Karni Singh Shooting Range,Delhi,NO₂ mass,28.4997315,77.2649067
5744,15588,Dr. Karni Singh Shooting Range,Delhi,PM10,28.4997315,77.2649067
5744,15589,Dr. Karni Singh Shooting Range,Delhi,PM2.5,28.4997315,77.2649067
5744,15509,Dr. Karni Singh Shooting Range,Delhi,SO₂ mass,28.4997315,77.2649067
5753,15545,Vivek Vihar,Delhi,CO mass,28.6687803,77.3130982
5753,15544,Vivek Vihar,Delhi,NO₂ mass,28.6687803,77.3130982
5753,15615,Vivek Vihar,Delhi,PM10,28.6687803,77.3130982
5753,15604,Vivek Vihar,Delhi,PM2.5,28.6687803,77.3130982
5753,15546,Vivek Vihar,Delhi,SO₂ mass,28.6687803,77.3130982
5754,15548,Jawaharlal Nehru Stadium,Delhi,CO mass,28.5828503,77.2321778
5754,15547,Jawaharlal Nehru Stadium,Delhi,NO₂ mass,28.5828503,77.2321778
5754,15619,Jawaharlal Nehru Stadium,Delhi,PM10,28.5828503,77.2321778
5754,15620,Jawaharlal Nehru Stadium,Delhi,PM2.5,28.5828503,77.2321778
5754,15552,Jawaharlal Nehru Stadium,Delhi,SO₂ mass,28.5828503,77.2321778
5755,15582,Major Dhyan Chand National Stadium,Delhi,CO mass,28.6125027,77.2351994
5755,15574,Major Dhyan Chand National Stadium,Delhi,NO₂ mass,28.6125027,77.2351994
5755,15549,Major Dhyan Chand National Stadium,Delhi,PM10,28.6125027,77.2351994
5755,15551,Major Dhyan Chand National Stadium,Delhi,PM2.5,28.6125027,77.2351994
5755,15587,Major Dhyan Chand National Stadium,Delhi,SO₂ mass,28.6125027,77.2351994
5759,15568,Sonia Vihar,Delhi,CO mass,28.67795,77.29868
5759,15567,Sonia Vihar,Delhi,NO₂ mass,28.67795,77.29868
5759,15591,Sonia Vihar,Delhi,PM10,28.67795,77.29868
5759,15595,Sonia Vihar,Delhi,PM2.5,28.67795,77.29868
5759,15565,Sonia Vihar,Delhi,SO₂ mass,28.67795,77.29868
5760,15594,Dwarka-Sector 8,Delhi,CO mass,28.5206826,76.8023871
5760,15593,Dwarka-Sector 8,Delhi,NO₂ mass,28.5206826,76.8023871
5760,15569,Dwarka-Sector 8,Delhi,PM10,28.5206826,76.8023871
5760,15570,Dwarka-Sector 8,Delhi,PM2.5,28.5206826,76.8023871
5760,15590,Dwarka-Sector 8,Delhi,SO₂ mass,28.5206826,76.8023871
5761,15578,Jahangirpuri,Delhi,CO mass,28.7258373,77.1605631
5761,15572,Jahangirpuri,Delhi,NO₂ mass,28.7258373,77.1605631
5761,15623,Jahangirpuri,Delhi,PM10,28.7258373,77.1605631
5761,15621,Jahangirpuri,Delhi,PM2.5,28.7258373,77.1605631
5761,15585,Jahangirpuri,Delhi,SO₂ mass,28.7258373,77.1605631
5762,15583,Ashok Vihar,Delhi,CO mass,28.6957202,77.1812947
5762,15584,Ashok Vihar,Delhi,NO₂ mass,28.6957202,77.1812947
5762,15605,Ashok Vihar,Delhi,PM10,28.6957202,77.1812947
5762,15602,Ashok Vihar,Delhi,PM2.5,28.6957202,77.1812947
5762,15579,Ashok Vihar,Delhi,SO₂ mass,28.6957202,77.1812947
5763,15576,Narela,Delhi,CO mass,28.8446874,77.0332666
5763,15581,Narela,Delhi,NO₂ mass,28.8446874,77.0332666
5763,15609,Narela,Delhi,PM10,28.8446874,77.0332666
5763,15606,Narela,Delhi,PM2.5,28.8446874,77.0332666
5763,15575,Narela,Delhi,SO₂ mass,28.8446874,77.0332666
5765,15597,Okhla Phase-2,Delhi,CO mass,28.5366411,77.2664587
5765,15600,Okhla Phase-2,Delhi,NO₂ mass,28.5366411,77.2664587
5765,15624,Okhla Phase-2,Delhi,PM10,28.5366411,77.2664587
5765,15627,Okhla Phase-2,Delhi,PM2.5,28.5366411,77.2664587
5765,15599,Okhla Phase-2,Delhi,SO₂ mass,28.5366411,77.2664587
5766,15607,Nehru Nagar,Delhi,CO mass,28.5639543,77.2587868
5766,15612,Nehru Nagar,Delhi,NO₂ mass,28.5639543,77.2587868
5766,15625,Nehru Nagar,Delhi,PM10,28.5639543,77.2587868
5766,15626,Nehru Nagar,Delhi,PM2.5,28.5639543,77.2587868
5766,15608,Nehru Nagar,Delhi,SO₂ mass,28.5639543,77.2587868
6310,17541,Rabindra Bharati University,Kolkata,CO mass,22.5824635,88.35724470000001
6310,17543,Rabindra Bharati University,Kolkata,NO₂ mass,22.5824635,88.35724470000001
6310,17540,Rabindra Bharati University,Kolkata,PM10,22.5824635,88.35724470000001
6310,1715600,Rabindra Bharati University,Kolkata,PM2.5,22.5824635,88.35724470000001
6310,17542,Rabindra Bharati University,Kolkata,SO₂ mass,22.5824635,88.35724470000001
6356,12235320,Pusa,Delhi,PM10,28.639645,77.146262
6356,12235321,Pusa,Delhi,PM2.5,28.639645,77.146262
6357,17769,Punjabi Bagh,Delhi,CO mass,28.674045000000003,77.13102300000001
6357,17771,Punjabi Bagh,Delhi,NO₂ mass,28.674045000000003,77.13102300000001
6357,17768,Punjabi Bagh,Delhi,PM10,28.674045000000003,77.13102300000001
6357,17776,Punjabi Bagh,Delhi,PM2.5,28.674045000000003,77.13102300000001
6357,17778,Punjabi Bagh,Delhi,SO₂ mass,28.674045000000003,77.13102300000001
6358,17772,Mandir Marg,Delhi,CO mass,28.636429,77.201067
6358,17773,Mandir Marg,Delhi,NO₂ mass,28.636429,77.201067
6358,12234777,Mandir Marg,Delhi,PM10,28.636429,77.201067
6358,17775,Mandir Marg,Delhi,PM10,28.636429,77.201067
6358,17770,Mandir Marg,Delhi,PM2.5,28.636429,77.201067
6358,12234778,Mandir Marg,Delhi,PM2.5,28.636429,77.201067
6358,17779,Mandir Marg,Delhi,SO₂ mass,28.636429,77.201067
6359,17792,IHBAS,Delhi,CO mass,28.6811736,77.3025234
6359,17791,IHBAS,Delhi,NO₂ mass,28.6811736,77.3025234
6359,12234734,IHBAS,Delhi,PM10,28.6811736,77.3025234
6359,36050,IHBAS,Delhi,PM10,28.6811736,77.3025234
6359,17790,IHBAS,Delhi,PM2.5,28.6811736,77.3025234
6359,12234735,IHBAS,Delhi,PM2.5,28.6811736,77.3025234
6359,17780,IHBAS,Delhi,SO₂ mass,28.6811736,77.3025234
6927,20137,Colaba,Mumbai,CO mass,18.91,72.82
6927,19892,Colaba,Mumbai,NO₂ mass,18.91,72.82
6927,12235925,Colaba,Mumbai,PM10,18.91,72.82
6927,20142,Colaba,Mumbai,PM10,18.91,72.82
6927,12235926,Colaba,Mumbai,PM2.5,18.91,72.82
6927,20143,Colaba,Mumbai,PM2.5,18.91,72.82
6927,20144,Colaba,Mumbai,SO₂ mass,18.91,72.82
6928,19896,Vasai West,Mumbai,CO mass,19.3832,72.8204
6928,19893,Vasai West,Mumbai,NO₂ mass,19.3832,72.8204
6928,12235822,Vasai West,Mumbai,PM10,19.3832,72.8204
6928,19898,Vasai West,Mumbai,PM10,19.3832,72.8204
6928,19894,Vasai West,Mumbai,PM2.5,19.3832,72.8204
6928,12235823,Vasai West,Mumbai,PM2.5,19.3832,72.8204
6928,19897,Vasai West,Mumbai,SO₂ mass,19.3832,72.8204
6929,19901,Major Dhyan Chand National Stadium,Delhi,CO mass,28.611281,77.237738
6929,19902,Major Dhyan Chand National Stadium,Delhi,NO₂ mass,28.611281,77.237738
6929,12235046,Major Dhyan Chand National Stadium,Delhi,PM10,28.611281,77.237738
6929,19904,Major Dhyan Chand National Stadium,Delhi,PM10,28.611281,77.237738
6929,19900,Major Dhyan Chand National Stadium,Delhi,PM2.5,28.611281,77.237738
6929,12235047,Major Dhyan Chand National Stadium,Delhi,PM2.5,28.611281,77.237738
6929,19899,Major Dhyan Chand National Stadium,Delhi,SO₂ mass,28.611281,77.237738
6931,19957,Dwarka-Sector 8,Delhi,CO mass,28.5710274,77.0719006
6931,19956,Dwarka-Sector 8,Delhi,NO₂ mass,28.5710274,77.0719006
6931,12235019,Dwarka-Sector 8,Delhi,PM10,28.5710274,77.0719006
6931,19906,Dwarka-Sector 8,Delhi,PM10,28.5710274,77.0719006
6931,20150,Dwarka-Sector 8,Delhi,PM2.5,28.5710274,77.0719006
6931,12235020,Dwarka-Sector 8,Delhi,PM2.5,28.5710274,77.0719006
6931,20147,Dwarka-Sector 8,Delhi,SO₂ mass,28.5710274,77.0719006
6932,19939,Alipur,Delhi,CO mass,28.815329,77.15301
6932,19948,Alipur,Delhi,NO₂ mass,28.815329,77.15301
6932,19936,Alipur,Delhi,PM10,28.815329,77.15301
6932,12235697,Alipur,Delhi,PM10,28.815329,77.15301
6932,12235698,Alipur,Delhi,PM2.5,28.815329,77.15301
6932,19935,Alipur,Delhi,PM2.5,28.815329,77.15301
6932,19912,Alipur,Delhi,SO₂ mass,28.815329,77.15301
6934,19925,Dr. Karni Singh Shooting Range,Delhi,CO mass,28.498571,77.26484
6934,19930,Dr. Karni Singh Shooting Range,Delhi,NO₂ mass,28.498571,77.26484
6934,12235010,Dr. Karni Singh Shooting Range,Delhi,PM10,28.498571,77.26484
6934,19941,Dr. Karni Singh Shooting Range,Delhi,PM10,28.498571,77.26484
6934,12235011,Dr. Karni Singh Shooting Range,Delhi,PM2.5,28.498571,77.26484
6934,19919,Dr. Karni Singh Shooting Range,Delhi,PM2.5,28.498571,77.26484
6934,19943,Dr. Karni Singh Shooting Range,Delhi,SO₂ mass,28.498571,77.26484
6938,19926,Vivek Vihar,Delhi,CO mass,28.672342,77.31526
6938,19929,Vivek Vihar,Delhi,NO₂ mass,28.672342,77.31526
6938,19933,Vivek Vihar,Delhi,PM10,28.672342,77.31526
6938,12235132,Vivek Vihar,Delhi,PM10,28.672342,77.31526
6938,12235133,Vivek Vihar,Delhi,PM2.5,28.672342,77.31526
6938,19934,Vivek Vihar,Delhi,PM2.5,28.672342,77.31526
6938,19938,Vivek Vihar,Delhi,SO₂ mass,28.672342,77.31526
6943,20128,Mahape,Mumbai,CO mass,19.1135051,73.008978
6943,20069,Mahape,Mumbai,NO₂ mass,19.1135051,73.008978
6943,12235904,Mahape,Mumbai,PM10,19.1135051,73.008978
6943,20068,Mahape,Mumbai,PM10,19.1135051,73.008978
6943,20046,Mahape,Mumbai,PM2.5,19.1135051,73.008978
6943,12235905,Mahape,Mumbai,PM2.5,19.1135051,73.008978
6943,20023,Mahape,Mumbai,SO₂ mass,19.1135051,73.008978
6945,19993,Kurla,Mumbai,CO mass,19.0863,72.8888
6945,20076,Kurla,Mumbai,NO₂ mass,19.0863,72.8888
6945,12235833,Kurla,Mumbai,PM10,19.0863,72.8888
6945,19975,Kurla,Mumbai,PM10,19.0863,72.8888
6945,19978,Kurla,Mumbai,PM2.5,19.0863,72.8888
6945,12235834,Kurla,Mumbai,PM2.5,19.0863,72.8888
6945,19987,Kurla,Mumbai,SO₂ mass,19.0863,72.8888
6948,19976,Chhatrapati Shivaji Intl. Airport (T2),Mumbai,CO mass,19.10078,72.87462
6948,19977,Chhatrapati Shivaji Intl. Airport (T2),Mumbai,NO₂ mass,19.10078,72.87462
6948,12235859,Chhatrapati Shivaji Intl. Airport (T2),Mumbai,PM10,19.10078,72.87462
6948,19980,Chhatrapati Shivaji Intl. Airport (T2),Mumbai,PM10,19.10078,72.87462
6948,19981,Chhatrapati Shivaji Intl. Airport (T2),Mumbai,PM2.5,19.10078,72.87462
6948,12235860,Chhatrapati Shivaji Intl. Airport (T2),Mumbai,PM2.5,19.10078,72.87462
6948,19982,Chhatrapati Shivaji Intl. Airport (T2),Mumbai,SO₂ mass,19.10078,72.87462
6950,19986,Jadavpur,Kolkata,CO mass,22.49929,88.36917
6950,19988,Jadavpur,Kolkata,NO₂ mass,22.49929,88.36917
6950,12235886,Jadavpur,Kolkata,PM10,22.49929,88.36917
6950,19994,Jadavpur,Kolkata,PM10,22.49929,88.36917
6950,12235887,Jadavpur,Kolkata,PM2.5,22.49929,88.36917
6950,19997,Jadavpur,Kolkata,PM2.5,22.49929,88.36917
6950,20002,Jadavpur,Kolkata,SO₂ mass,22.49929,88.36917
6956,20125,Powai,Mumbai,CO mass,19.1375,72.915056
6956,20083,Powai,Mumbai,NO₂ mass,19.1375,72.915056
6956,20010,Powai,Mumbai,PM10,19.1375,72.915056
6956,12235895,Powai,Mumbai,PM10,19.1375,72.915056
6956,12235896,Powai,Mumbai,PM2.5,19.1375,72.915056
6956,20079,Powai,Mumbai,PM2.5,19.1375,72.915056
6956,20101,Powai,Mumbai,SO₂ mass,19.1375,72.915056
6957,20015,Jawaharlal Nehru Stadium,Delhi,CO mass,28.58028,77.233829
6957,20017,Jawaharlal Nehru Stadium,Delhi,NO₂ mass,28.58028,77.233829
6957,12235037,Jawaharlal Nehru Stadium,Delhi,PM10,28.58028,77.233829
6957,20019,Jawaharlal Nehru Stadium,Delhi,PM10,28.58028,77.233829
6957,20020,Jawaharlal Nehru Stadium,Delhi,PM2.5,28.58028,77.233829
6957,12235038,Jawaharlal Nehru Stadium,Delhi,PM2.5,28.58028,77.233829
6957,20021,Jawaharlal Nehru Stadium,Delhi,SO₂ mass,28.58028,77.233829
6959,20029,Siddharth Nagar-Worli,Mumbai,CO mass,19.000083,72.813993
6959,20030,Siddharth Nagar-Worli,Mumbai,NO₂ mass,19.000083,72.813993
6959,12236434,Siddharth Nagar-Worli,Mumbai,PM10,19.000083,72.813993
6959,20032,Siddharth Nagar-Worli,Mumbai,PM10,19.000083,72.813993
6959,20033,Siddharth Nagar-Worli,Mumbai,PM2.5,19.000083,72.813993
6959,12236435,Siddharth Nagar-Worli,Mumbai,PM2.5,19.000083,72.813993
6959,20034,Siddharth Nagar-Worli,Mumbai,SO₂ mass,19.000083,72.813993
6960,20037,Patparganj,Delhi,NO₂ mass,28.623748,77.287205
6960,12235100,Patparganj,Delhi,PM10,28.623748,77.287205
6960,20040,Patparganj,Delhi,PM10,28.623748,77.287205
6960,12235101,Patparganj,Delhi,PM2.5,28.623748,77.287205
6960,20049,Patparganj,Delhi,PM2.5,28.623748,77.287205
6960,20055,Patparganj,Delhi,SO₂ mass,28.623748,77.287205
6965,20075,Borivali East,Mumbai,CO mass,19.227474,72.864394
6965,20081,Borivali East,Mumbai,NO₂ mass,19.227474,72.864394
6965,12252657,Borivali East,Mumbai,PM10,19.227474,72.864394
6965,20085,Borivali East,Mumbai,PM10,19.227474,72.864394
6965,12252658,Borivali East,Mumbai,PM2.5,19.227474,72.864394
6965,20087,Borivali East,Mumbai,PM2.5,19.227474,72.864394
6965,20090,Borivali East,Mumbai,SO₂ mass,19.227474,72.864394
6967,20109,Sion,Mumbai,CO mass,19.047,72.8746
6967,20107,Sion,Mumbai,NO₂ mass,19.047,72.8746
6967,20097,Sion,Mumbai,PM10,19.047,72.8746
6967,12243929,Sion,Mumbai,PM10,19.047,72.8746
6967,12243930,Sion,Mumbai,PM2.5,19.047,72.8746
6967,20096,Sion,Mumbai,PM2.5,19.047,72.8746
6967,20095,Sion,Mumbai,SO₂ mass,19.047,72.8746
6973,20173,Jayanagar 5th Block,Bengaluru,CO mass,12.920984,77.584908
6973,20175,Jayanagar 5th Block,Bengaluru,NO₂ mass,12.920984,77.584908
6973,12235266,Jayanagar 5th Block,Bengaluru,PM10,12.920984,77.584908
6973,20172,Jayanagar 5th Block,Bengaluru,PM10,12.920984,77.584908
6973,20162,Jayanagar 5th Block,Bengaluru,PM2.5,12.920984,77.584908
6973,12235267,Jayanagar 5th Block,Bengaluru,PM2.5,12.920984,77.584908
6973,20152,Jayanagar 5th Block,Bengaluru,SO₂ mass,12.920984,77.584908
6974,20153,Bapuji Nagar,Bengaluru,CO mass,12.951913,77.539784
6974,20169,Bapuji Nagar,Bengaluru,NO₂ mass,12.951913,77.539784
6974,20166,Bapuji Nagar,Bengaluru,PM10,12.951913,77.539784
6974,12235239,Bapuji Nagar,Bengaluru,PM10,12.951913,77.539784
6974,12235240,Bapuji Nagar,Bengaluru,PM2.5,12.951913,77.539784
6974,20165,Bapuji Nagar,Bengaluru,PM2.5,12.951913,77.539784
6974,20164,Bapuji Nagar,Bengaluru,SO₂ mass,12.951913,77.539784
6975,20171,Silk Board,Bengaluru,CO mass,12.917348,77.622813
6975,20154,Silk Board,Bengaluru,NO₂ mass,12.917348,77.622813
6975,12235284,Silk Board,Bengaluru,PM10,12.917348,77.622813
6975,20161,Silk Board,Bengaluru,PM10,12.917348,77.622813
6975,12235285,Silk Board,Bengaluru,PM2.5,12.917348,77.622813
6975,20156,Silk Board,Bengaluru,PM2.5,12.917348,77.622813
6975,20176,Silk Board,Bengaluru,SO₂ mass,12.917348,77.622813
6981,20228,Fort William,Kolkata,CO mass,22.55664,88.342674
6981,20226,Fort William,Kolkata,NO₂ mass,22.55664,88.342674
6981,20211,Fort William,Kolkata,PM10,22.55664,88.342674
6981,12235877,Fort William,Kolkata,PM10,22.55664,88.342674
6981,12235878,Fort William,Kolkata,PM2.5,22.55664,88.342674
6981,20203,Fort William,Kolkata,PM2.5,22.55664,88.342674
6981,20190,Fort William,Kolkata,SO₂ mass,22.55664,88.342674
6983,20195,Hombegowda Nagar,Bengaluru,CO mass,12.938539,77.5901
6983,20196,Hombegowda Nagar,Bengaluru,NO₂ mass,12.938539,77.5901
6983,20198,Hombegowda Nagar,Bengaluru,PM10,12.938539,77.5901
6983,12235257,Hombegowda Nagar,Bengaluru,PM10,12.938539,77.5901
6983,20199,Hombegowda Nagar,Bengaluru,PM2.5,12.938539,77.5901
6983,12235258,Hombegowda Nagar,Bengaluru,PM2.5,12.938539,77.5901
6983,20200,Hombegowda Nagar,Bengaluru,SO₂ mass,12.938539,77.5901
6984,20224,Hebbal,Bengaluru,CO mass,13.029152,77.585901
6984,20222,Hebbal,Bengaluru,NO₂ mass,13.029152,77.585901
6984,12235248,Hebbal,Bengaluru,PM10,13.029152,77.585901
6984,20213,Hebbal,Bengaluru,PM10,13.029152,77.585901
6984,20212,Hebbal,Bengaluru,PM2.5,13.029152,77.585901
6984,12235249,Hebbal,Bengaluru,PM2.5,13.029152,77.585901
6984,20210,Hebbal,Bengaluru,SO₂ mass,13.029152,77.585901
6987,20236,Vile Parle West,Mumbai,CO mass,19.10861,72.83622
6987,20239,Vile Parle West,Mumbai,NO₂ mass,19.10861,72.83622
6987,12235850,Vile Parle West,Mumbai,PM10,19.10861,72.83622
6987,20243,Vile Parle West,Mumbai,PM10,19.10861,72.83622
6987,12235851,Vile Parle West,Mumbai,PM2.5,19.10861,72.83622
6987,20251,Vile Parle West,Mumbai,PM2.5,19.10861,72.83622
6987,20254,Vile Parle West,Mumbai,SO₂ mass,19.10861,72.83622
7044,20410,R K Puram,Delhi,CO mass,28.563262000000005,77.186937
7044,20409,R K Puram,Delhi,NO₂ mass,28.563262000000005,77.186937
7044,20407,R K Puram,Delhi,PM10,28.563262000000005,77.186937
7044,20411,R K Puram,Delhi,PM2.5,28.563262000000005,77.186937
7044,20408,R K Puram,Delhi,SO₂ mass,28.563262000000005,77.186937
7140,20574,Gomti Nagar,Lucknow,CO mass,26.86812,81.005119
7140,36690,Gomti Nagar,Lucknow,NO₂ mass,26.86812,81.005119
7140,12235984,Gomti Nagar,Lucknow,PM10,26.86812,81.005119
7140,1348528,Gomti Nagar,Lucknow,PM10,26.86812,81.005119
7140,36687,Gomti Nagar,Lucknow,PM2.5,26.86812,81.005119
7140,12235985,Gomti Nagar,Lucknow,PM2.5,26.86812,81.005119
7140,36671,Gomti Nagar,Lucknow,SO₂ mass,26.86812,81.005119
7292,21009,Chhoti Gwaltoli,Indore,CO mass,22.431,75.5213
7292,21008,Chhoti Gwaltoli,Indore,NO₂ mass,22.431,75.5213
7292,12236029,Chhoti Gwaltoli,Indore,PM10,22.431,75.5213
7292,21012,Chhoti Gwaltoli,Indore,PM10,22.431,75.5213
7292,21010,Chhoti Gwaltoli,Indore,PM2.5,22.431,75.5213
7292,12236030,Chhoti Gwaltoli,Indore,PM2.5,22.431,75.5213
7292,21011,Chhoti Gwaltoli,Indore,SO₂ mass,22.431,75.5213
7434,21624,East Arjun Nagar,Delhi,NO₂ mass,28.655601699999995,77.2859318
7434,21623,East Arjun Nagar,Delhi,SO₂ mass,28.655601699999995,77.2859318
7583,22015,ICRISAT Patancheru,Hyderabad,CO mass,17.305178,78.162863
7583,22014,ICRISAT Patancheru,Hyderabad,NO₂ mass,17.305178,78.162863
7583,22018,ICRISAT Patancheru,Hyderabad,PM10,17.305178,78.162863
7583,22017,ICRISAT Patancheru,Hyderabad,PM2.5,17.305178,78.162863
7583,22016,ICRISAT Patancheru,Hyderabad,SO₂ mass,17.305178,78.162863
7850,36455,Bandra,Mumbai,CO mass,19.0627,72.84614
7850,36453,Bandra,Mumbai,NO₂ mass,19.0627,72.84614
7850,22798,Bandra,Mumbai,PM10,19.0627,72.84614
7850,36447,Bandra,Mumbai,PM2.5,19.0627,72.84614
7850,36446,Bandra,Mumbai,SO₂ mass,19.0627,72.84614
8039,23320,Mumbai,Mumbai,PM2.5,19.07283,72.88261
8092,23669,East Arjun Nagar,Delhi,NO₂ mass,28.655935,77.294904
8092,34750,East Arjun Nagar,Delhi,SO₂ mass,28.655935,77.294904
8118,23534,New Delhi,Delhi,PM2.5,28.63576,77.22445
8172,5077640,US Diplomatic Post: Kolkata,Kolkata,PM2.5,22.56263,88.36304
8235,23993,Jahangirpuri,Delhi,CO mass,28.73282,77.170633
8235,23994,Jahangirpuri,Delhi,NO₂ mass,28.73282,77.170633
8235,12235028,Jahangirpuri,Delhi,PM10,28.73282,77.170633
8235,23996,Jahangirpuri,Delhi,PM10,28.73282,77.170633
8235,23997,Jahangirpuri,Delhi,PM2.5,28.73282,77.170633
8235,12235029,Jahangirpuri,Delhi,PM2.5,28.73282,77.170633
8235,23998,Jahangirpuri,Delhi,SO₂ mass,28.73282,77.170633
8239,24010,Okhla Phase-2,Delhi,CO mass,28.530785,77.271255
8239,24008,Okhla Phase-2,Delhi,NO₂ mass,28.530785,77.271255
8239,12235073,Okhla Phase-2,Delhi,PM10,28.530785,77.271255
8239,24011,Okhla Phase-2,Delhi,PM10,28.530785,77.271255
8239,24007,Okhla Phase-2,Delhi,PM2.5,28.530785,77.271255
8239,12235074,Okhla Phase-2,Delhi,PM2.5,28.530785,77.271255
8239,24009,Okhla Phase-2,Delhi,SO₂ mass,28.530785,77.271255
8365,34799,Nehru Nagar,Delhi,CO mass,28.56789,77.250515
8365,24303,Nehru Nagar,Delhi,NO₂ mass,28.56789,77.250515
8365,12235082,Nehru Nagar,Delhi,PM10,28.56789,77.250515
8365,35012,Nehru Nagar,Delhi,PM10,28.56789,77.250515
8365,35010,Nehru Nagar,Delhi,PM2.5,28.56789,77.250515
8365,12235083,Nehru Nagar,Delhi,PM2.5,28.56789,77.250515
8365,35009,Nehru Nagar,Delhi,SO₂ mass,28.56789,77.250515
8472,36395,Bawana,Delhi,CO mass,28.7762,77.051074
8472,36394,Bawana,Delhi,NO₂ mass,28.7762,77.051074
8472,12235293,Bawana,Delhi,PM10,28.7762,77.051074
8472,24602,Bawana,Delhi,PM10,28.7762,77.051074
8472,12235294,Bawana,Delhi,PM2.5,28.7762,77.051074
8472,36391,Bawana,Delhi,PM2.5,28.7762,77.051074
8475,24615,Sonia Vihar,Delhi,CO mass,28.710508,77.249485
8475,35047,Sonia Vihar,Delhi,NO₂ mass,28.710508,77.249485
8475,35049,Sonia Vihar,Delhi,PM10,28.710508,77.249485
8475,12235109,Sonia Vihar,Delhi,PM10,28.710508,77.249485
8475,12235110,Sonia Vihar,Delhi,PM2.5,28.710508,77.249485
8475,35050,Sonia Vihar,Delhi,PM2.5,28.710508,77.249485
8475,35051,Sonia Vihar,Delhi,SO₂ mass,28.710508,77.249485
8557,24857,Hyderabad,Hyderabad,PM2.5,17.38405,78.45636
8915,34728,Wazirpur,Delhi,CO mass,28.699793,77.165453
8915,34732,Wazirpur,Delhi,NO₂ mass,28.699793,77.165453
8915,26026,Wazirpur,Delhi,PM10,28.699793,77.165453
8915,12235123,Wazirpur,Delhi,PM10,28.699793,77.165453
8915,12235124,Wazirpur,Delhi,PM2.5,28.699793,77.165453
8915,34731,Wazirpur,Delhi,PM2.5,28.699793,77.165453
8915,34729,Wazirpur,Delhi,SO₂ mass,28.699793,77.165453
8917,34762,Ashok Vihar,Delhi,CO mass,28.695381,77.181665
8917,34768,Ashok Vihar,Delhi,NO₂ mass,28.695381,77.181665
8917,12235001,Ashok Vihar,Delhi,PM10,28.695381,77.181665
8917,34785,Ashok Vihar,Delhi,PM10,28.695381,77.181665
8917,12235002,Ashok Vihar,Delhi,PM2.5,28.695381,77.181665
8917,26032,Ashok Vihar,Delhi,PM2.5,28.695381,77.181665
8917,34786,Ashok Vihar,Delhi,SO₂ mass,28.695381,77.181665
10484,34761,Sri Aurobindo Marg,Delhi,CO mass,28.531346,77.190156
10484,34758,Sri Aurobindo Marg,Delhi,NO₂ mass,28.531346,77.190156
10484,12235311,Sri Aurobindo Marg,Delhi,PM10,28.531346,77.190156
10484,34781,Sri Aurobindo Marg,Delhi,PM10,28.531346,77.190156
10484,12235312,Sri Aurobindo Marg,Delhi,PM2.5,28.531346,77.190156
10484,34772,Sri Aurobindo Marg,Delhi,PM2.5,28.531346,77.190156
10484,34759,Sri Aurobindo Marg,Delhi,SO₂ mass,28.531346,77.190156
10485,34776,Narela,Delhi,CO mass,28.822836,77.101981
10485,34760,Narela,Delhi,NO₂ mass,28.822836,77.101981
10485,12235055,Narela,Delhi,PM10,28.822836,77.101981
10485,34791,Narela,Delhi,PM10,28.822836,77.101981
10485,34790,Narela,Delhi,PM2.5,28.822836,77.101981
10485,12235056,Narela,Delhi,PM2.5,28.822836,77.101981
10485,34789,Narela,Delhi,SO₂ mass,28.822836,77.101981
10486,34763,Mundka,Delhi,CO mass,28.684678,77.076574
10486,34764,Mundka,Delhi,NO₂ mass,28.684678,77.076574
10486,34766,Mundka,Delhi,PM10,28.684678,77.076574
10486,12235302,Mundka,Delhi,PM10,28.684678,77.076574
10486,12235303,Mundka,Delhi,PM2.5,28.684678,77.076574
10486,34767,Mundka,Delhi,PM2.5,28.684678,77.076574
10486,34769,Mundka,Delhi,SO₂ mass,28.684678,77.076574
10487,34787,Anand Vihar,Delhi,CO mass,28.646835,77.316032
10487,34784,Anand Vihar,Delhi,NO₂ mass,28.646835,77.316032
10487,34780,Anand Vihar,Delhi,PM10,28.646835,77.316032
10487,34771,Anand Vihar,Delhi,PM2.5,28.646835,77.316032
10487,34770,Anand Vihar,Delhi,SO₂ mass,28.646835,77.316032
10488,34779,Najafgarh,Delhi,CO mass,28.570173,76.933762
10488,34778,Najafgarh,Delhi,NO₂ mass,28.570173,76.933762
10488,34775,Najafgarh,Delhi,PM10,28.570173,76.933762
10488,12235064,Najafgarh,Delhi,PM10,28.570173,76.933762
10488,12235065,Najafgarh,Delhi,PM2.5,28.570173,76.933762
10488,34774,Najafgarh,Delhi,PM2.5,28.570173,76.933762
10488,34773,Najafgarh,Delhi,SO₂ mass,28.570173,76.933762
10489,34823,ITO,Delhi,CO mass,28.628624,77.24106
10489,34821,ITO,Delhi,NO₂ mass,28.628624,77.24106
10489,34793,ITO,Delhi,PM10,28.628624,77.24106
10489,35016,ITO,Delhi,PM2.5,28.628624,77.24106
10489,35015,ITO,Delhi,SO₂ mass,28.628624,77.24106
10633,35352,Victoria,Kolkata,CO mass,22.5448082,88.3403691
10633,35353,Victoria,Kolkata,NO₂ mass,22.5448082,88.3403691
10633,12235679,Victoria,Kolkata,PM10,22.5448082,88.3403691
10633,35355,Victoria,Kolkata,PM10,22.5448082,88.3403691
10633,12235680,Victoria,Kolkata,PM2.5,22.5448082,88.3403691
10633,35356,Victoria,Kolkata,PM2.5,22.5448082,88.3403691
10633,35447,Victoria,Kolkata,SO₂ mass,22.5448082,88.3403691
10831,36208,Rohini,Delhi,CO mass,28.732528,77.11992
10831,36209,Rohini,Delhi,NO₂ mass,28.732528,77.11992
10831,36382,Rohini,Delhi,PM10,28.732528,77.11992
10831,12235091,Rohini,Delhi,PM10,28.732528,77.11992
10831,36399,Rohini,Delhi,PM2.5,28.732528,77.11992
10831,12235092,Rohini,Delhi,PM2.5,28.732528,77.11992
10831,36449,Rohini,Delhi,SO₂ mass,28.732528,77.11992
10851,36321,Bidhannagar,Kolkata,CO mass,22.58157048,88.41002457
10851,36320,Bidhannagar,Kolkata,NO₂ mass,22.58157048,88.41002457
10851,12235993,Bidhannagar,Kolkata,PM10,22.58157048,88.41002457
10851,36318,Bidhannagar,Kolkata,PM10,22.58157048,88.41002457
10851,36317,Bidhannagar,Kolkata,PM2.5,22.58157048,88.41002457
10851,12235994,Bidhannagar,Kolkata,PM2.5,22.58157048,88.41002457
10851,36316,Bidhannagar,Kolkata,SO₂ mass,22.58157048,88.41002457
10896,36693,Chhoti Gwaltoli,Indore,CO mass,22.431,75.5213
10896,36694,Chhoti Gwaltoli,Indore,NO₂ mass,22.431,75.5213
10896,36698,Chhoti Gwaltoli,Indore,PM10,22.431,75.5213
10896,36699,Chhoti Gwaltoli,Indore,PM2.5,22.431,75.5213
10896,36519,Chhoti Gwaltoli,Indore,SO₂ mass,22.431,75.5213
10897,36520,ICRISAT Patancheru,Hyderabad,CO mass,17.5184,78.278777
10897,36692,ICRISAT Patancheru,Hyderabad,NO₂ mass,17.5184,78.278777
10897,36689,ICRISAT Patancheru,Hyderabad,PM10,17.5184,78.278777
10897,36686,ICRISAT Patancheru,Hyderabad,PM2.5,17.5184,78.278777
10897,36683,ICRISAT Patancheru,Hyderabad,SO₂ mass,17.5184,78.278777
10904,36549,Rabindra Sarobar,Kolkata,CO mass,22.51106,88.35142
10904,36551,Rabindra Sarobar,Kolkata,NO₂ mass,22.51106,88.35142
10904,36602,Rabindra Sarobar,Kolkata,PM10,22.51106,88.35142
10904,12235966,Rabindra Sarobar,Kolkata,PM10,22.51106,88.35142
10904,12235967,Rabindra Sarobar,Kolkata,PM2.5,22.51106,88.35142
10904,36609,Rabindra Sarobar,Kolkata,PM2.5,22.51106,88.35142
10904,36651,Rabindra Sarobar,Kolkata,SO₂ mass,22.51106,88.35142
10918,36652,Ballygunge,Kolkata,CO mass,22.5367507,88.3638022
10918,36648,Ballygunge,Kolkata,NO₂ mass,22.5367507,88.3638022
10918,12236011,Ballygunge,Kolkata,PM10,22.5367507,88.3638022
10918,36644,Ballygunge,Kolkata,PM10,22.5367507,88.3638022
10918,36640,Ballygunge,Kolkata,PM2.5,22.5367507,88.3638022
10918,12236012,Ballygunge,Kolkata,PM2.5,22.5367507,88.3638022
10918,36639,Ballygunge,Kolkata,SO₂ mass,22.5367507,88.3638022
11602,39408,Bandra Kurla Complex,Mumbai,CO mass,19.053536000000005,72.84643
11602,39406,Bandra Kurla Complex,Mumbai,NO₂ mass,19.053536000000005,72.84643
11602,39405,Bandra Kurla Complex,Mumbai,PM10,19.053536000000005,72.84643
11602,39404,Bandra Kurla Complex,Mumbai,PM2.5,19.053536000000005,72.84643
11602,39407,Bandra Kurla Complex,Mumbai,SO₂ mass,19.053536000000005,72.84643
11603,39414,Chandni Chowk,Delhi,CO mass,28.656756,77.227234
11603,39412,Chandni Chowk,Delhi,NO₂ mass,28.656756,77.227234
11603,12236360,Chandni Chowk,Delhi,PM10,28.656756,77.227234
11603,39411,Chandni Chowk,Delhi,PM10,28.656756,77.227234
11603,12236361,Chandni Chowk,Delhi,PM2.5,28.656756,77.227234
11603,39410,Chandni Chowk,Delhi,PM2.5,28.656756,77.227234
11603,39413,Chandni Chowk,Delhi,SO₂ mass,28.656756,77.227234
11604,39420,Deonar,Mumbai,CO mass,19.04946,72.923
11604,39418,Deonar,Mumbai,NO₂ mass,19.04946,72.923
11604,39417,Deonar,Mumbai,PM10,19.04946,72.923
11604,39416,Deonar,Mumbai,PM2.5,19.04946,72.923
11604,39419,Deonar,Mumbai,SO₂ mass,19.04946,72.923
11606,39431,Borivali East,Mumbai,CO mass,19.23241,72.86895
11606,39430,Borivali East,Mumbai,NO₂ mass,19.23241,72.86895
11606,12236417,Borivali East,Mumbai,PM10,19.23241,72.86895
11606,39429,Borivali East,Mumbai,PM10,19.23241,72.86895
11606,39428,Borivali East,Mumbai,PM2.5,19.23241,72.86895
11606,12236418,Borivali East,Mumbai,PM2.5,19.23241,72.86895
11607,39437,Lodhi Road,Delhi,CO mass,28.588333,77.221667
11607,39435,Lodhi Road,Delhi,NO₂ mass,28.588333,77.221667
11607,12236375,Lodhi Road,Delhi,PM10,28.588333,77.221667
11607,39434,Lodhi Road,Delhi,PM10,28.588333,77.221667
11607,39433,Lodhi Road,Delhi,PM2.5,28.588333,77.221667
11607,12236376,Lodhi Road,Delhi,PM2.5,28.588333,77.221667
11607,39436,Lodhi Road,Delhi,SO₂ mass,28.588333,77.221667
11611,39458,Malad West,Mumbai,CO mass,19.19709,72.82204
11611,39456,Malad West,Mumbai,NO₂ mass,19.19709,72.82204
11611,12236425,Malad West,Mumbai,PM10,19.19709,72.82204
11611,39455,Malad West,Mumbai,PM10,19.19709,72.82204
11611,39454,Malad West,Mumbai,PM2.5,19.19709,72.82204
11611,12236426,Malad West,Mumbai,PM2.5,19.19709,72.82204
11611,39457,Malad West,Mumbai,SO₂ mass,19.19709,72.82204
11612,39464,Sector-19A Nerul,Mumbai,CO mass,19.044,73.03250000000001
11612,39462,Sector-19A Nerul,Mumbai,NO₂ mass,19.044,73.03250000000001
11612,39461,Sector-19A Nerul,Mumbai,PM10,19.044,73.03250000000001
11612,39460,Sector-19A Nerul,Mumbai,PM2.5,19.044,73.03250000000001
11612,39463,Sector-19A Nerul,Mumbai,SO₂ mass,19.044,73.03250000000001
12024,40569,Chakala-Andheri East,Mumbai,CO mass,19.11074,72.86084
12024,40574,Chakala-Andheri East,Mumbai,NO₂ mass,19.11074,72.86084
12024,40572,Chakala-Andheri East,Mumbai,PM10,19.11074,72.86084
12024,12442195,Chakala-Andheri East,Mumbai,PM10,19.11074,72.86084
12024,12442196,Chakala-Andheri East,Mumbai,PM2.5,19.11074,72.86084
12024,40571,Chakala-Andheri East,Mumbai,PM2.5,19.11074,72.86084
12024,40573,Chakala-Andheri East,Mumbai,SO₂ mass,19.11074,72.86084
12039,40636,Khindipada-Bhandup West,Mumbai,CO mass,19.164394,72.928297
12039,40639,Khindipada-Bhandup West,Mumbai,NO₂ mass,19.164394,72.928297
12039,12236393,Khindipada-Bhandup West,Mumbai,PM10,19.164394,72.928297
12039,40615,Khindipada-Bhandup West,Mumbai,PM10,19.164394,72.928297
12039,40608,Khindipada-Bhandup West,Mumbai,PM2.5,19.164394,72.928297
12039,12236394,Khindipada-Bhandup West,Mumbai,PM2.5,19.164394,72.928297
12039,40617,Khindipada-Bhandup West,Mumbai,SO₂ mass,19.164394,72.928297
12040,40609,Mulund West,Mumbai,CO mass,19.175,72.9419
12040,40612,Mulund West,Mumbai,NO₂ mass,19.175,72.9419
12040,12236480,Mulund West,Mumbai,PM10,19.175,72.9419
12040,40628,Mulund West,Mumbai,PM10,19.175,72.9419
12040,40641,Mulund West,Mumbai,PM2.5,19.175,72.9419
12040,12236481,Mulund West,Mumbai,PM2.5,19.175,72.9419
12040,40640,Mulund West,Mumbai,SO₂ mass,19.175,72.9419
12044,40616,Kandivali East,Mumbai,CO mass,19.2058,72.8682
12044,40624,Kandivali East,Mumbai,NO₂ mass,19.2058,72.8682
12044,12236471,Kandivali East,Mumbai,PM10,19.2058,72.8682
12044,40652,Kandivali East,Mumbai,PM10,19.2058,72.8682
12044,12236472,Kandivali East,Mumbai,PM2.5,19.2058,72.8682
12044,40650,Kandivali East,Mumbai,PM2.5,19.2058,72.8682
12044,40620,Kandivali East,Mumbai,SO₂ mass,19.2058,72.8682
12045,40622,IITK,Kanpur,CO mass,26.511738999999995,80.235136
12045,40642,IITK,Kanpur,PM2.5,26.511738999999995,80.235136
60661,389760,Siddharth Nagar-Worli,Mumbai,CO mass,19.000083,72.813993
60661,389767,Siddharth Nagar-Worli,Mumbai,NO₂ mass,19.000083,72.813993
60661,389771,Siddharth Nagar-Worli,Mumbai,PM10,19.000083,72.813993
60661,389761,Siddharth Nagar-Worli,Mumbai,PM2.5,19.000083,72.813993
227386,1311821,B R Ambedkar University,Lucknow,CO mass,26.766433,80.927299
227386,1311816,B R Ambedkar University,Lucknow,NO₂ mass,26.766433,80.927299
227386,12236620,B R Ambedkar University,Lucknow,PM10,26.766433,80.927299
227386,1311815,B R Ambedkar University,Lucknow,PM10,26.766433,80.927299
227386,1311823,B R Ambedkar University,Lucknow,PM2.5,26.766433,80.927299
227386,12236621,B R Ambedkar University,Lucknow,PM2.5,26.766433,80.927299
227386,1311828,B R Ambedkar University,Lucknow,SO₂ mass,26.766433,80.927299
229252,1320641,NSI Kalyanpur,Kanpur,CO mass,26.509954,80.249612
229252,1320644,NSI Kalyanpur,Kanpur,NO₂ mass,26.509954,80.249612
229252,1320642,NSI Kalyanpur,Kanpur,PM10,26.509954,80.249612
229252,12236692,NSI Kalyanpur,Kanpur,PM10,26.509954,80.249612
229252,12236693,NSI Kalyanpur,Kanpur,PM2.5,26.509954,80.249612
229252,1320643,NSI Kalyanpur,Kanpur,PM2.5,26.509954,80.249612
229252,1320645,NSI Kalyanpur,Kanpur,SO₂ mass,26.509954,80.249612
229404,1321500,Kukrail Picnic Spot-1,Lucknow,CO mass,26.90723,80.98579
229404,1321497,Kukrail Picnic Spot-1,Lucknow,NO₂ mass,26.90723,80.98579
229404,1321496,Kukrail Picnic Spot-1,Lucknow,PM10,26.90723,80.98579
229404,12236629,Kukrail Picnic Spot-1,Lucknow,PM10,26.90723,80.98579
229404,12236630,Kukrail Picnic Spot-1,Lucknow,PM2.5,26.90723,80.98579
229404,1321498,Kukrail Picnic Spot-1,Lucknow,PM2.5,26.90723,80.98579
229404,1321495,Kukrail Picnic Spot-1,Lucknow,SO₂ mass,26.90723,80.98579
234568,1349383,FTI Kidwai Nagar,Kanpur,CO mass,26.428282,80.327067
234568,1349386,FTI Kidwai Nagar,Kanpur,NO₂ mass,26.428282,80.327067
234568,12236814,FTI Kidwai Nagar,Kanpur,PM10,26.428282,80.327067
234568,1349384,FTI Kidwai Nagar,Kanpur,PM10,26.428282,80.327067
234568,12236815,FTI Kidwai Nagar,Kanpur,PM2.5,26.428282,80.327067
234568,1349388,FTI Kidwai Nagar,Kanpur,PM2.5,26.428282,80.327067
234568,1349387,FTI Kidwai Nagar,Kanpur,SO₂ mass,26.428282,80.327067
344103,1960397,ECIL Kapra,Hyderabad,CO mass,17.470431,78.566959
344103,1960403,ECIL Kapra,Hyderabad,NO₂ mass,17.470431,78.566959
344103,12237097,ECIL Kapra,Hyderabad,PM10,17.470431,78.566959
344103,1960400,ECIL Kapra,Hyderabad,PM10,17.470431,78.566959
344103,1960399,ECIL Kapra,Hyderabad,PM2.5,17.470431,78.566959
344103,12237098,ECIL Kapra,Hyderabad,PM2.5,17.470431,78.566959
344103,1960401,ECIL Kapra,Hyderabad,SO₂ mass,17.470431,78.566959
344104,1960396,Kompally Municipal Office,Hyderabad,CO mass,17.544899,78.486949
344104,1960398,Kompally Municipal Office,Hyderabad,NO₂ mass,17.544899,78.486949
344104,12237124,Kompally Municipal Office,Hyderabad,PM10,17.544899,78.486949
344104,1960404,Kompally Municipal Office,Hyderabad,PM10,17.544899,78.486949
344104,1960394,Kompally Municipal Office,Hyderabad,PM2.5,17.544899,78.486949
344104,12237125,Kompally Municipal Office,Hyderabad,PM2.5,17.544899,78.486949
344104,1960405,Kompally Municipal Office,Hyderabad,SO₂ mass,17.544899,78.486949
344140,1960604,Somajiguda,Hyderabad,CO mass,17.417094,78.457437
344140,1960586,Somajiguda,Hyderabad,NO₂ mass,17.417094,78.457437
344140,12237115,Somajiguda,Hyderabad,PM10,17.417094,78.457437
344140,1960606,Somajiguda,Hyderabad,PM10,17.417094,78.457437
344140,1960587,Somajiguda,Hyderabad,PM2.5,17.417094,78.457437
344140,12237116,Somajiguda,Hyderabad,PM2.5,17.417094,78.457437
344140,1960599,Somajiguda,Hyderabad,SO₂ mass,17.417094,78.457437
344142,1960601,Nacharam_TSIIC IALA,Hyderabad,CO mass,17.429398,78.569354
344142,1960613,Nacharam_TSIIC IALA,Hyderabad,NO₂ mass,17.429398,78.569354
344142,1960597,Nacharam_TSIIC IALA,Hyderabad,PM10,17.429398,78.569354
344142,12237133,Nacharam_TSIIC IALA,Hyderabad,PM10,17.429398,78.569354
344142,12237134,Nacharam_TSIIC IALA,Hyderabad,PM2.5,17.429398,78.569354
344142,1960609,Nacharam_TSIIC IALA,Hyderabad,PM2.5,17.429398,78.569354
344142,1960596,Nacharam_TSIIC IALA,Hyderabad,SO₂ mass,17.429398,78.569354
344144,1960591,IITH Kandi,Hyderabad,CO mass,17.585705,78.126199
344144,1960589,IITH Kandi,Hyderabad,NO₂ mass,17.585705,78.126199
344144,12237106,IITH Kandi,Hyderabad,PM10,17.585705,78.126199
344144,1960603,IITH Kandi,Hyderabad,PM10,17.585705,78.126199
344144,1960590,IITH Kandi,Hyderabad,PM2.5,17.585705,78.126199
344144,12237107,IITH Kandi,Hyderabad,PM2.5,17.585705,78.126199
344144,1960593,IITH Kandi,Hyderabad,SO₂ mass,17.585705,78.126199
346257,1970972,Ramachandrapuram,Hyderabad,CO mass,17.528544,78.286195
346257,1970971,Ramachandrapuram,Hyderabad,NO₂ mass,17.528544,78.286195
346257,12242163,Ramachandrapuram,Hyderabad,PM10,17.528544,78.286195
346257,1970973,Ramachandrapuram,Hyderabad,PM10,17.528544,78.286195
346257,12242164,Ramachandrapuram,Hyderabad,PM2.5,17.528544,78.286195
346257,1970968,Ramachandrapuram,Hyderabad,PM2.5,17.528544,78.286195
346257,1970965,Ramachandrapuram,Hyderabad,SO₂ mass,17.528544,78.286195
346258,1970967,Kokapet,Hyderabad,CO mass,17.393559,78.339194
346258,1970969,Kokapet,Hyderabad,NO₂ mass,17.393559,78.339194
346258,12237160,Kokapet,Hyderabad,PM10,17.393559,78.339194
346258,1970966,Kokapet,Hyderabad,PM10,17.393559,78.339194
346258,1970970,Kokapet,Hyderabad,PM2.5,17.393559,78.339194
346258,12237161,Kokapet,Hyderabad,PM2.5,17.393559,78.339194
346258,1970975,Kokapet,Hyderabad,SO₂ mass,17.393559,78.339194
352465,2002324,New Malakpet,Hyderabad,CO mass,17.37206,78.50864
352465,2002328,New Malakpet,Hyderabad,NO₂ mass,17.37206,78.50864
352465,2002329,New Malakpet,Hyderabad,PM10,17.37206,78.50864
352465,12237088,New Malakpet,Hyderabad,PM10,17.37206,78.50864
352465,12237089,New Malakpet,Hyderabad,PM2.5,17.37206,78.50864
352465,2002327,New Malakpet,Hyderabad,PM2.5,17.37206,78.50864
352465,2002326,New Malakpet,Hyderabad,SO₂ mass,17.37206,78.50864
1285345,6566245,SPARTAN,Kanpur,PM2.5,26.5128,80.2316
3409318,12235477,Central School,Lucknow,PM10,26.8821003,80.9302753
3409318,12235478,Central School,Lucknow,PM2.5,26.8821003,80.9302753
3409320,12235564,Rabindra Bharati University,Kolkata,PM10,22.627875,88.3804
3409320,12235565,Rabindra Bharati University,Kolkata,PM2.5,22.627875,88.3804
3409323,12235913,Worli,Mumbai,PM10,18.9936162,72.8128113
3409323,12235914,Worli,Mumbai,PM2.5,18.9936162,72.8128113
3409328,12708245,Bandra Kurla Complex,Mumbai,PM10,19.0627,72.84614
3409328,12708246,Bandra Kurla Complex,Mumbai,PM2.5,19.0627,72.84614
3409329,12236384,Deonar,Mumbai,PM10,19.04946,72.923
3409329,12236385,Deonar,Mumbai,PM2.5,19.04946,72.923
3409385,12237572,RVCE-Mailasandra,Bengaluru,PM10,12.921418,77.502466
3409385,12237573,RVCE-Mailasandra,Bengaluru,PM2.5,12.921418,77.502466
3409388,12237599,Kasturi Nagar,Bengaluru,PM10,13.003872,77.664217
3409388,12237600,Kasturi Nagar,Bengaluru,PM2.5,13.003872,77.664217
3409393,12237644,Shivapura_Peenya,Bengaluru,PM10,13.0246342,77.5080115
3409393,12237645,Shivapura_Peenya,Bengaluru,PM2.5,13.0246342,77.5080115
3409414,12237817,Vijay Nagar Scheme-78,Indore,PM10,22.76726,75.8871
3409414,12237818,Vijay Nagar Scheme-78,Indore,PM2.5,22.76726,75.8871
3409434,12243007,Jigani,Bengaluru,PM10,12.7816279,77.6299145
3409434,12243008,Jigani,Bengaluru,PM2.5,12.7816279,77.6299145
3409471,12238275,Sector-2E Kalamboli,Mumbai,PM10,19.02579,73.10297
3409471,12238276,Sector-2E Kalamboli,Mumbai,PM2.5,19.02579,73.10297
3409475,12238311,Tondare-Taloja,Mumbai,PM10,19.063,73.1209
3409475,12238312,Tondare-Taloja,Mumbai,PM2.5,19.063,73.1209
3409477,12238329,Kopripada-Vashi,Mumbai,PM10,19.090337,73.014232
3409477,12238330,Kopripada-Vashi,Mumbai,PM2.5,19.090337,73.014232
3409479,12238347,Mindspace-Malad West,Mumbai,PM10,19.1878657,72.8304069
3409479,12238348,Mindspace-Malad West,Mumbai,PM2.5,19.1878657,72.8304069
3409482,12238374,Bandra Kurla Complex,Mumbai,PM10,19.065931,72.862131
3409482,12238375,Bandra Kurla Complex,Mumbai,PM2.5,19.065931,72.862131
3409483,12238383,Chembur,Mumbai,PM10,19.0364585,72.8954371
3409483,12238384,Chembur,Mumbai,PM2.5,19.0364585,72.8954371
3409486,12238410,Kherwadi_Bandra East,Mumbai,PM10,19.0632143,72.8456324
3409486,12238411,Kherwadi_Bandra East,Mumbai,PM2.5,19.0632143,72.8456324
3409487,12243948,Sanpada,Mumbai,PM10,19.0575752,73.0151367
3409487,12243949,Sanpada,Mumbai,PM2.5,19.0575752,73.0151367
3409498,12238476,Residency Area,Indore,PM10,22.7084,75.8815
3409498,12238477,Residency Area,Indore,PM2.5,22.7084,75.8815
3409499,12238485,Regional Park,Indore,PM10,22.678,75.8559
3409499,12238486,Regional Park,Indore,PM2.5,22.678,75.8559
3409500,12815121,Maguda Nagar,Indore,PM10,22.7524,75.8872
3409500,12815122,Maguda Nagar,Indore,PM2.5,22.7524,75.8872
3409501,12238494,Airport Area,Indore,PM10,22.7289,75.8076
3409501,12238495,Airport Area,Indore,PM2.5,22.7289,75.8076
3409510,12238566,Byculla,Mumbai,PM10,18.9767,72.838
3409510,12238567,Byculla,Mumbai,PM2.5,18.9767,72.838
3409511,12238575,Shivaji Nagar,Mumbai,PM10,19.060498,72.923356
3409511,12238576,Shivaji Nagar,Mumbai,PM2.5,19.060498,72.923356
3409512,12238584,Kandivali West,Mumbai,PM10,19.215859,72.831718
3409512,12238585,Kandivali West,Mumbai,PM2.5,19.215859,72.831718
3409513,12238593,Sewri,Mumbai,PM10,19.000084,72.85673
3409513,12238594,Sewri,Mumbai,PM2.5,19.000084,72.85673
3409514,12238602,Ghatkopar,Mumbai,PM10,19.083694,72.920967
3409514,12238603,Ghatkopar,Mumbai,PM2.5,19.083694,72.920967
,,,,,,
